title,raw_file,timestamp,dataset_id,extracted_file
(GDP) Inventar der schützenswerten Gärten und Anlagen von kommunaler Bedeutung der Stadt Zürich,d835efdb-0bc6-11f0-a8fc-005056b0ce82.zip,2025-03-28 12:26:43.788588,336506c8-4f50-4d0a-b5e4-ea3f6aa3251c,_gdp_inventar_der_schuetzenswerten_gaerten_und_anlagen_von_kommunaler_bedeutung_der_stadt_zuerich.gpkg
3D-Dachmodell LoD2 Jahresstand 2013 (3D),b5bad656-0bc2-11f0-a413-005056b0ce82.zip,2025-03-28 12:26:53.292145,cf2d70d4-acc7-4fd1-a575-413b1c0800e0,_3d_dachmodell_lod2_jahresstand_2013_3d_.gpkg
3D-Dachmodell LoD2 Jahresstand 2011 (3D),b2274aa3-0bc2-11f0-9010-005056b0ce82.zip,2025-03-28 12:27:02.137370,cf49c848-7c15-475a-b487-18a575583c78,_3d_dachmodell_lod2_jahresstand_2011_3d_.gpkg
3D-Dachmodell LoD2 Jahresstand 2018 (3D),e691fd80-0bc6-11f0-9d59-005056b0ce82.zip,2025-03-28 13:57:00.477383,553972e5-d2d0-4cd6-a334-36a3fa80b575,_3d_dachmodell_lod2_jahresstand_2018_3d_.gpkg
3D-Dachmodell LoD2 Jahresstand 2015 (3D),e2fc10b3-0bc6-11f0-b838-005056b0ce82.zip,2025-03-28 13:57:06.848927,46c76628-3594-42b7-a6c0-da07c8e6f2a1,_3d_dachmodell_lod2_jahresstand_2015_3d_.gpkg
Amtliche Vermessungsdaten Stadt Zürich Jahresendstand 2009,ab002913-0bc8-11f0-ab15-005056b0ce82.zip,2025-03-28 14:02:34.810243,2999e414-9704-4a93-ace2-72d674c53f2b,amtliche_vermessungsdaten_stadt_zuerich_jahresendstand_2009.gpkg
Amtliche Vermessungsdaten Stadt Zürich Jahresendstand 2008,a017267e-0bc8-11f0-98dc-005056b0ce82.zip,2025-03-28 14:02:42.612454,0dbb3d2e-8c84-4a05-a506-6ab5557db541,amtliche_vermessungsdaten_stadt_zuerich_jahresendstand_2008.gpkg
Aktuelle Tiefbauprojekte im öffentlichen Grund,30bca288-0bc7-11f0-8430-005056b0ce82.zip,2025-03-28 14:02:43.772943,5cac275e-8488-472b-b12c-492e620fb469,aktuelle_tiefbauprojekte_im_oeffentlichen_grund.gpkg
Aktuelle Auflistung von Videokameras der Stadtverwaltung Zürich,2d245386-0bc7-11f0-9f3d-005056b0ce82.zip,2025-03-28 14:02:44.926873,f0e16074-3722-48b2-ba3d-ba77a737118e,aktuelle_auflistung_von_videokameras_der_stadtverwaltung_zuerich.gpkg
AHB-Hochbauprojekte in Ausfuehrung OGD,2990b664-0bc7-11f0-88d9-005056b0ce82.zip,2025-03-28 14:02:46.090618,8b65f00a-4964-49d2-ad6e-92df45b6e93f,ahb_hochbauprojekte_in_ausfuehrung_ogd.gpkg
Adressen Stadt Zürich,fc1127db-0bc6-11f0-a490-005056b0ce82.zip,2025-03-28 14:02:47.404480,e15219bc-eb02-42a1-98f0-56a977b7507f,adressen_stadt_zuerich.gpkg
Abstimmungsgeräte TAZ,f87d7843-0bc6-11f0-9a5d-005056b0ce82.zip,2025-03-28 14:02:48.549308,6488c7de-2baa-4780-80fd-54fba56cf2fc,abstimmungsgeraete_taz.gpkg
Abfallgefässe,f4e7efb7-0bc6-11f0-9cd3-005056b0ce82.zip,2025-03-28 14:02:49.733526,8e1d8f5c-cdf4-47be-9de8-f94ee78bca6f,abfallgefaesse.gpkg
Fachplanung Stadtnatur OGD,12aa82a0-0bd9-11f0-be77-005056b0ce82.zip,2025-03-28 18:20:43.010734,00b33262-68b7-499b-b845-ed863b2f5468,fachplanung_stadtnatur_ogd.gpkg
Fachplanung Hitzeminderung OGD,0edb3f85-0bd9-11f0-a395-005056b0ce82.zip,2025-03-28 18:20:44.268219,837a8ffc-6deb-4807-9b77-c20752e9ac44,fachplanung_hitzeminderung_ogd.gpkg
ERZ Kehrichtcontainer im öffentlichen Raum,f3475c16-0bd8-11f0-b3c3-005056b0ce82.zip,2025-03-28 18:20:45.518683,c81c8c90-4b3d-4bbe-93b5-a36bb6c38bc0,erz_kehrichtcontainer_im_oeffentlichen_raum.gpkg
Erholungs- und Sporteinrichtungen,e180cb8a-0bd8-11f0-8d92-005056b0ce82.zip,2025-03-28 18:20:46.785261,37564fe0-ff45-4992-99c3-8cee86fa52ba,erholungs_und_sporteinrichtungen.gpkg
Energieplankarte 2022,ddf78554-0bd8-11f0-b4b3-005056b0ce82.zip,2025-03-28 18:20:48.087093,e25ffbf4-fff3-4d3f-ac00-f4d3912c86a6,energieplankarte_2022.gpkg
Betreibungsamt,7e5212c0-0bd8-11f0-a1fb-005056b0ce82.zip,2025-03-28 18:20:49.264130,62abcec7-b694-4d9c-8ffc-713f554d2921,betreibungsamt.gpkg
Behindertenparkplätze,7ade0137-0bd8-11f0-8d9b-005056b0ce82.zip,2025-03-28 18:20:50.566209,d03e0aa2-de0c-4a02-93a9-cf786c8386ae,behindertenparkplaetze.gpkg
Bedeutungsplan,776bd71d-0bd8-11f0-b575-005056b0ce82.zip,2025-03-28 18:20:51.997882,2ab34742-16f9-4de8-a011-7d560ed008d3,bedeutungsplan.gpkg
Baumkataster,73f4556a-0bd8-11f0-bddf-005056b0ce82.zip,2025-03-28 18:20:53.625655,5b11ac86-0c4a-4068-ae42-b471ce00d5f4,baumkataster.gpkg
Baumersatz,48a853d2-0bd8-11f0-9f5b-005056b0ce82.zip,2025-03-28 18:20:54.802279,d48d1a25-1b67-477c-8ec8-2abec864992a,baumersatz.gpkg
Baugrundarchiv,455b4ca4-0bd8-11f0-9af2-005056b0ce82.zip,2025-03-28 18:20:56.069857,fac66590-4525-4807-bb3e-52798b4fe230,baugrundarchiv.gpkg
Bauernhofladen,41ff9adf-0bd8-11f0-b0b3-005056b0ce82.zip,2025-03-28 18:20:57.259585,ad7408ba-6bbc-4d2e-bef9-13d8ce5a8fa7,bauernhofladen.gpkg
Amtliche Vermessungsdaten Stadt Zürich Jahresendstand 2017,afc5d360-0bd7-11f0-a2f3-005056b0ce82.zip,2025-03-28 18:21:05.959116,92e05d66-1e0e-470a-b170-674c01c7da17,amtliche_vermessungsdaten_stadt_zuerich_jahresendstand_2017.gpkg
Amtliche Vermessungsdaten Stadt Zürich Jahresendstand 2016,abaad497-0bd7-11f0-bbca-005056b0ce82.zip,2025-03-28 18:21:13.719069,b26097b6-007a-4d9e-a49f-4514f11cecca,amtliche_vermessungsdaten_stadt_zuerich_jahresendstand_2016.gpkg
Amtliche Vermessungsdaten Stadt Zürich Jahresendstand 2015,a795ac7f-0bd7-11f0-936e-005056b0ce82.zip,2025-03-28 18:21:21.891534,7122e203-da21-4373-873d-74e29c991651,amtliche_vermessungsdaten_stadt_zuerich_jahresendstand_2015.gpkg
Amtliche Vermessungsdaten Stadt Zürich Jahresendstand 2014,a399727b-0bd7-11f0-8417-005056b0ce82.zip,2025-03-28 18:21:30.545971,712a62b4-42e2-44c2-8b96-2a186aae5b87,amtliche_vermessungsdaten_stadt_zuerich_jahresendstand_2014.gpkg
Amtliche Vermessungsdaten Stadt Zürich Jahresendstand 2013,9f83a8be-0bd7-11f0-ad5b-005056b0ce82.zip,2025-03-28 18:21:40.540170,95de47c0-aa9a-4d66-9b6b-21b03c5f1db8,amtliche_vermessungsdaten_stadt_zuerich_jahresendstand_2013.gpkg
Amtliche Vermessungsdaten Stadt Zürich Jahresendstand 2012,9b88e310-0bd7-11f0-9f35-005056b0ce82.zip,2025-03-28 18:21:48.853759,21175785-7f9e-44a2-80a9-f9171c728553,amtliche_vermessungsdaten_stadt_zuerich_jahresendstand_2012.gpkg
Amtliche Vermessungsdaten Stadt Zürich Jahresendstand 2011,9799dc16-0bd7-11f0-b5c4-005056b0ce82.zip,2025-03-28 18:21:57.657686,a14ca34c-3033-436f-a31c-35e05e2bbb29,amtliche_vermessungsdaten_stadt_zuerich_jahresendstand_2011.gpkg
Amtliche Vermessungsdaten Stadt Zürich Jahresendstand 2010,93a513dc-0bd7-11f0-b84d-005056b0ce82.zip,2025-03-28 18:22:06.916424,a027b9d8-5900-45b0-8021-76a60b4a8fc6,amtliche_vermessungsdaten_stadt_zuerich_jahresendstand_2010.gpkg
Amtliche Vermessungsdaten Stadt Zürich Jahresendstand 2007,8faeedfe-0bd7-11f0-a482-005056b0ce82.zip,2025-03-28 18:22:16.439590,249a3b3e-ee48-47cd-a6ea-b83e81250838,amtliche_vermessungsdaten_stadt_zuerich_jahresendstand_2007.gpkg
Alterswohnung,7a6a17cb-0bd7-11f0-b410-005056b0ce82.zip,2025-03-28 18:22:18.951482,c45190dd-a590-4356-968b-27674fba8273,alterswohnung.gpkg
Alleenkonzept,776cc1fa-0bd7-11f0-9087-005056b0ce82.zip,2025-03-28 18:22:20.101284,24b18019-cf74-444c-bdb9-1efc6c9c8548,alleenkonzept.gpkg
Gebäude- und Wohnungsregister der Stadt Zürich (GWZ) gemäss GWR-Datenmodell,b304dc35-0bd0-11f0-9bcc-005056b0ce82.zip,2025-03-28 19:45:18.775070,d57268e5-1891-4321-9b5a-c3c5dc57ec5d,gebaeude_und_wohnungsregister_der_stadt_zuerich_gwz_gemaess_gwr_datenmodell.gpkg
Gebäude verkippt,be15764a-0bcc-11f0-87aa-005056b0ce82.zip,2025-03-28 19:45:27.768859,17f45794-f391-41f1-abef-5b2420d62f61,gebaeude_verkippt.gpkg
Einzelbauten und Einzelanlagen,3d545c2c-0bcc-11f0-a7c4-005056b0ce82.zip,2025-03-28 19:45:29.023390,a10abdee-eebf-4186-a579-5de8e8922e3b,einzelbauten_und_einzelanlagen.gpkg
Einsatz Luft-Wasser-Wärmepumpen,315deb53-0bcc-11f0-9ac3-005056b0ce82.zip,2025-03-28 19:45:30.266616,d0e04765-81d6-4d17-9f7b-94834a86b5bf,einsatz_luft_wasser_waermepumpen.gpkg
Brunnen,10d5f3f2-0c06-11f0-8101-005056b0ce82.zip,2025-03-28 20:25:13.614249,773d01f7-7e49-4935-9b58-336eaa2c3a27,brunnen.gpkg
Biotoptypenkartierung 2020,0d49a47b-0c06-11f0-bb10-005056b0ce82.zip,2025-03-28 20:25:24.630916,8c80cad9-c01e-4b6e-bc68-173f9187e849,biotoptypenkartierung_2020.gpkg
Biotoptypenkartierung 2010,09bddc6b-0c06-11f0-86c8-005056b0ce82.zip,2025-03-28 20:25:35.572461,1a649c94-937e-4d46-92f6-edbb39fb06eb,biotoptypenkartierung_2010.gpkg
Biotoptypenkartierung 1987,046ecedd-0c06-11f0-9ba4-005056b0ce82.zip,2025-03-28 20:25:42.114145,473c2795-c0eb-4139-a20a-874b36459ad8,biotoptypenkartierung_1987.gpkg
Biotoptypenkartierung,00dc2f48-0c06-11f0-9e65-005056b0ce82.zip,2025-03-28 20:25:54.825371,ae95b0fa-c459-46dc-8c4e-d141c56a89ad,biotoptypenkartierung.gpkg
Bezugsstellen Züri Can,fd591c38-0c05-11f0-b52f-005056b0ce82.zip,2025-03-28 20:25:56.037505,c15a0776-4f8b-4fa2-b685-d1166d8c1960,bezugsstellen_zueri_can.gpkg
Auszeichnung für gute Bauten,7b7c844a-0c05-11f0-88ab-005056b0ce82.zip,2025-03-28 20:25:57.330438,aff9d6d4-d2ce-4a84-9e3c-a3f34ad1c263,auszeichnung_fuer_gute_bauten.gpkg
Ausnahmetransportrouten,78209662-0c05-11f0-b47f-005056b0ce82.zip,2025-03-28 20:25:58.580990,af9f941d-464b-47e4-951b-7b927e6316e6,ausnahmetransportrouten.gpkg
Ausbauetappen Fernwärme (ewz),74b0c966-0c05-11f0-9f56-005056b0ce82.zip,2025-03-28 20:25:59.860372,86b9ee88-1bcf-4c30-ac12-5f6576877100,ausbauetappen_fernwaerme_ewz_.gpkg
Aufschüttung,69b40b29-0c05-11f0-a82f-005056b0ce82.zip,2025-03-28 20:26:01.079249,f2df72d0-1bfe-4f19-9819-558ea89d8b15,aufschuettung.gpkg
Arealüberbauungen,5f18dcaf-0c05-11f0-8d82-005056b0ce82.zip,2025-03-28 20:26:02.529984,ae17123a-7a82-48c2-8eed-37cf29654804,arealueberbauungen.gpkg
Archäologische Quartiere,5bc09e76-0c05-11f0-b553-005056b0ce82.zip,2025-03-28 20:26:03.767973,a2c72942-8766-4b76-b0df-50036c2edcc4,archaeologische_quartiere.gpkg
AOZ Standorte,5879d05f-0c05-11f0-830b-005056b0ce82.zip,2025-03-28 20:26:05.063425,d3fa118e-b12c-44bf-9337-ee4e767420d4,aoz_standorte.gpkg
Anlauf- und Beratungsstelle,554314b4-0c05-11f0-94d2-005056b0ce82.zip,2025-03-28 20:26:06.273015,137fcf8b-32f8-4163-90d2-0d0abbf3c1e1,anlauf_und_beratungsstelle.gpkg
Amtshaus,521acc07-0c05-11f0-82d1-005056b0ce82.zip,2025-03-28 20:26:07.607258,147a5c53-7b81-4d1a-8b90-39f6fc12b71a,amtshaus.gpkg
Amtliche Vermessungsdaten Stadt Zürich Jahresendstand 2024,4eda3077-0c05-11f0-861e-005056b0ce82.zip,2025-03-28 20:26:49.129585,9d3054d0-2155-4fea-b095-931d9dd2cc96,amtliche_vermessungsdaten_stadt_zuerich_jahresendstand_2024.gpkg
Amtliche Vermessungsdaten Stadt Zürich Jahresendstand 2023,4ab01838-0c05-11f0-aede-005056b0ce82.zip,2025-03-28 20:27:39.454104,45b3c6e2-c30e-45e3-ae3f-0c509c6d7b89,amtliche_vermessungsdaten_stadt_zuerich_jahresendstand_2023.gpkg
Amtliche Vermessungsdaten Stadt Zürich Jahresendstand 2022,468a3ff9-0c05-11f0-a67c-005056b0ce82.zip,2025-03-28 20:28:17.515446,f77b5ecd-0115-470a-8dd9-d4e007e943f3,amtliche_vermessungsdaten_stadt_zuerich_jahresendstand_2022.gpkg
Amtliche Vermessungsdaten Stadt Zürich Jahresendstand 2021,4277c3ec-0c05-11f0-9ff8-005056b0ce82.zip,2025-03-28 20:28:58.795485,6ee58b84-f267-4240-8e50-a7538051d61a,amtliche_vermessungsdaten_stadt_zuerich_jahresendstand_2021.gpkg
Amtliche Vermessungsdaten Stadt Zürich Jahresendstand 2020,3e0213be-0c05-11f0-8599-005056b0ce82.zip,2025-03-28 20:29:38.805034,9f2fa72d-8ab6-4d85-9916-36c472420a8f,amtliche_vermessungsdaten_stadt_zuerich_jahresendstand_2020.gpkg
Amtliche Vermessungsdaten Stadt Zürich Jahresendstand 2019,39b74d95-0c05-11f0-b3aa-005056b0ce82.zip,2025-03-28 20:30:19.129897,eea30476-44ca-4b2b-b74c-68a0da5a3956,amtliche_vermessungsdaten_stadt_zuerich_jahresendstand_2019.gpkg
Amtliche Vermessungsdaten Stadt Zürich Jahresendstand 2018,35583cd8-0c05-11f0-aa6d-005056b0ce82.zip,2025-03-28 20:31:02.694024,68fafb7b-07d9-46b2-a204-168aa1a7ecb4,amtliche_vermessungsdaten_stadt_zuerich_jahresendstand_2018.gpkg
Familiengärten,b0457bb2-0c0d-11f0-9d39-005056b0ce82.zip,2025-03-28 20:31:02.694024,cc1fbe81-9a51-4abe-9525-1a921fd0401f,familiengaerten.gpkg
Erlaubte Fahrtrichtungen,8fa7f6fe-0c0d-11f0-84b8-005056b0ce82.zip,2025-03-28 20:31:02.694024,3f6856bc-c9d0-4eb5-8a3d-cf504b6dde5f,erlaubte_fahrtrichtungen.gpkg
Emissionskataster Luftschadstoffe und Treibhausgase,8c45c4aa-0c0d-11f0-9b7c-005056b0ce82.zip,2025-03-28 20:31:02.694024,857e0320-e0d3-4b5e-a12d-ab01afc9fb6c,emissionskataster_luftschadstoffe_und_treibhausgase.tif
Ehgraben,59269e15-0c0d-11f0-a65f-005056b0ce82.zip,2025-03-28 20:31:02.694024,e3ffedeb-24ba-4954-993b-fabd051c5b98,ehgraben.gpkg
Dienstleistungen,55cca739-0c0d-11f0-a07c-005056b0ce82.zip,2025-03-28 20:31:02.694024,5bda2ced-f37a-4cae-9f7d-35a6bbec8ccb,dienstleistungen.gpkg
Departement,52775ae8-0c0d-11f0-b7c2-005056b0ce82.zip,2025-03-28 20:31:02.694024,c4d67035-b9c3-48e4-a913-2cb7f865c1fc,departement.gpkg
Denkmalpflegezuständigkeit,4f4b1006-0c0d-11f0-9640-005056b0ce82.zip,2025-03-28 20:31:02.694024,404ccf0a-f083-4e2d-bde3-92a90b48da06,denkmalpflegezustaendigkeit.gpkg
Denkmalpflege-Inventar,4c18d6e2-0c0d-11f0-82cd-005056b0ce82.zip,2025-03-28 20:31:02.694024,16a779e4-0c9f-4f97-b970-cfe689b23935,denkmalpflege_inventar.gpkg
Cargo- und E-Tram,48ee3a57-0c0d-11f0-9953-005056b0ce82.zip,2025-03-28 20:31:02.694024,2d66e140-44c1-4af8-959b-bdcec608bb78,cargo_und_e_tram.gpkg
Baumhöhen 2022 (CHM aus Lidar),45be6652-0c0d-11f0-8807-005056b0ce82.zip,2025-03-28 20:31:02.694024,229c8dbe-b80c-4e3a-a84a-0bf1984c5768,baumhoehen_2022_chm_aus_lidar_.tif
Baumhöhen 2018 (CHM aus Lidar),3024d29d-0c0d-11f0-a42e-005056b0ce82.zip,2025-03-28 20:31:02.694024,be903412-25e7-45a5-b5eb-88f137b1b4c4,baumhoehen_2018_chm_aus_lidar_.tif
Basiskarte Zürich Raster Stadtplan 1 zu 15000,1a86547e-0c0d-11f0-aaf0-005056b0ce82.zip,2025-03-28 20:31:02.694024,f3b5a154-f36a-47a6-9335-3f857b8c5fca,basiskarte_zuerich_raster_stadtplan_1_zu_15000.tif
Basiskarte Zürich Raster Grau Einzelblätter,049ec294-0c0d-11f0-87b1-005056b0ce82.zip,2025-03-28 20:31:02.694024,d9195e73-4308-436b-b351-2ed62b95537a,basiskarte_zuerich_raster_grau_einzelblaetter.tif
Nachbarschaftshilfe,1bd36d6c-0c1e-11f0-9372-005056b0ce82.zip,2025-03-28 23:35:22.374579,42dfd06e-e375-42b9-809a-f699f932ceaf,nachbarschaftshilfe.gpkg
Musikschule,1169394a-0c1e-11f0-85ef-005056b0ce82.zip,2025-03-28 23:35:23.619734,87979270-60a1-4b5c-952a-9eed938878f3,musikschule.gpkg
Move and Chill,0df8712a-0c1e-11f0-893a-005056b0ce82.zip,2025-03-28 23:35:24.863137,d023ff62-3bfd-4453-8f04-7c66f921b13e,move_and_chill.gpkg
meteoblue Sommerbericht,0a86466a-0c1e-11f0-9cdb-005056b0ce82.zip,2025-03-28 23:35:46.514701,7bf4a659-f9bd-4d01-afac-26c74e1d7de6,meteoblue_sommerbericht.gpkg
Masterplan Velo,05f12aa2-0c1e-11f0-a75b-005056b0ce82.zip,2025-03-28 23:35:47.788727,0d3ca2e3-e87f-4cb8-87c0-a2d0da5b3ef6,masterplan_velo.gpkg
Liste der Informationstafeln an Denkmalschutz-Objekten,028acac6-0c1e-11f0-8242-005056b0ce82.zip,2025-03-28 23:35:48.943756,12604d40-4bf4-4e91-900b-b4d77175e30d,liste_der_informationstafeln_an_denkmalschutz_objekten.gpkg
Inventar der Natur- und Landschaftsschutzobjekte von kommunaler Bedeutung,a7dc83ab-0c1d-11f0-844b-005056b0ce82.zip,2025-03-28 23:35:51.418896,19805fda-f233-4bdd-a2fe-77a50d9c3689,inventar_der_natur_und_landschaftsschutzobjekte_von_kommunaler_bedeutung.gpkg
Hydranten,a473b926-0c1d-11f0-a6ec-005056b0ce82.zip,2025-03-28 23:35:52.674339,aded4385-240c-40ae-9e94-c9163dd42abc,hydranten.gpkg
Hundezonen,a135e334-0c1d-11f0-a4a5-005056b0ce82.zip,2025-03-28 23:35:53.887138,8f45407e-0c60-4aef-95d9-d061047ac8da,hundezonen.gpkg
Historischer Übersichtsplan der Stadt Zürich zwischen 1932 und 1961,9dfcdf79-0c1d-11f0-bf75-005056b0ce82.zip,2025-03-28 23:38:01.319984,af801b8c-510b-4c53-9fb8-d600bf8a18fa,historischer_uebersichtsplan_der_stadt_zuerich_zwischen_1932_und_1961.tif
Historischer Übersichtsplan der Stadt Zürich um 2019,87173fcb-0c1d-11f0-a1f9-005056b0ce82.zip,2025-03-28 23:38:50.743781,5686a28d-c9bf-4a09-a1a9-b4534ab2b2c0,historischer_uebersichtsplan_der_stadt_zuerich_um_2019.tif
Historischer Übersichtsplan der Stadt Zürich um 2018,7141a2bd-0c1d-11f0-b3c0-005056b0ce82.zip,2025-03-28 23:39:38.664298,94694459-e3a0-483d-8fb0-d2ca2b722f46,historischer_uebersichtsplan_der_stadt_zuerich_um_2018.tif
Historischer Übersichtsplan der Stadt Zürich um 2017,5b90458e-0c1d-11f0-b1d5-005056b0ce82.zip,2025-03-28 23:40:31.721417,88e3f968-2b53-4663-be1c-4a9cf53b077a,historischer_uebersichtsplan_der_stadt_zuerich_um_2017.tif
Historischer Übersichtsplan der Stadt Zürich um 2016,45b85a04-0c1d-11f0-9a40-005056b0ce82.zip,2025-03-28 23:41:24.026778,f3be749c-2967-40da-b80f-db7bc99f038d,historischer_uebersichtsplan_der_stadt_zuerich_um_2016.tif
Historischer Übersichtsplan der Stadt Zürich um 2015,30066b1d-0c1d-11f0-ac4d-005056b0ce82.zip,2025-03-28 23:42:14.301967,52aeb6b1-fc04-41d9-8bc6-d0e403866445,historischer_uebersichtsplan_der_stadt_zuerich_um_2015.tif
Historischer Übersichtsplan der Stadt Zürich um 2014,1a5694e0-0c1d-11f0-8099-005056b0ce82.zip,2025-03-28 23:43:03.348190,e09f0e80-e18d-4da4-9034-5a379b676802,historischer_uebersichtsplan_der_stadt_zuerich_um_2014.tif
Historischer Übersichtsplan der Stadt Zürich um 2013,04bf2e58-0c1d-11f0-91a5-005056b0ce82.zip,2025-03-28 23:43:50.712797,02cb17d7-d1a4-4c6a-8467-0fb7495fcdbf,historischer_uebersichtsplan_der_stadt_zuerich_um_2013.tif
Historischer Übersichtsplan der Stadt Zürich um 2012,ef1e848c-0c1c-11f0-95bf-005056b0ce82.zip,2025-03-28 23:44:38.582242,7ce28cdc-1c89-4a35-b6de-222967b31521,historischer_uebersichtsplan_der_stadt_zuerich_um_2012.tif
Historischer Übersichtsplan der Stadt Zürich um 2011,d982b599-0c1c-11f0-904d-005056b0ce82.zip,2025-03-28 23:45:28.336878,041adbfe-8bac-4f23-bb80-612c3009f99e,historischer_uebersichtsplan_der_stadt_zuerich_um_2011.tif
Historischer Übersichtsplan der Stadt Zürich um 2010,c3d1c3a8-0c1c-11f0-9364-005056b0ce82.zip,2025-03-28 23:46:14.492789,086a330a-276c-41eb-b08b-fcc374cb90e1,historischer_uebersichtsplan_der_stadt_zuerich_um_2010.tif
Historischer Übersichtsplan der Stadt Zürich um 2009,addb6864-0c1c-11f0-b8bf-005056b0ce82.zip,2025-03-28 23:47:01.222951,fa70a8e5-ccf0-4f29-990e-1d5869b55e94,historischer_uebersichtsplan_der_stadt_zuerich_um_2009.tif
Historischer Übersichtsplan der Stadt Zürich um 2007,98330e5f-0c1c-11f0-877f-005056b0ce82.zip,2025-03-28 23:47:48.459285,17e11114-4dd1-4955-99bb-d8bded8f84f4,historischer_uebersichtsplan_der_stadt_zuerich_um_2007.tif
Historischer Übersichtsplan der Stadt Zürich um 1999,828e05e3-0c1c-11f0-8b97-005056b0ce82.zip,2025-03-28 23:48:35.607739,35cc2d69-9862-4ea1-8d17-8aefb14d839a,historischer_uebersichtsplan_der_stadt_zuerich_um_1999.tif
Historischer Übersichtsplan der Stadt Zürich um 1991,6d012e1b-0c1c-11f0-ad9c-005056b0ce82.zip,2025-03-28 23:49:43.502840,3e385309-a203-4f4c-a3c8-6ac064f1a1af,historischer_uebersichtsplan_der_stadt_zuerich_um_1991.tif
Historischer Übersichtsplan der Stadt Zürich um 1987,5773b79a-0c1c-11f0-8dd1-005056b0ce82.zip,2025-03-28 23:50:40.434877,8e592fa8-8e0f-40df-8698-20c389f35051,historischer_uebersichtsplan_der_stadt_zuerich_um_1987.tif
Historischer Übersichtsplan der Stadt Zürich um 1984,41d32d1f-0c1c-11f0-a5de-005056b0ce82.zip,2025-03-28 23:51:33.077810,3fa05cf5-2273-4924-b3d8-2ae3775eb731,historischer_uebersichtsplan_der_stadt_zuerich_um_1984.tif
Historischer Übersichtsplan der Stadt Zürich um 1978,2c3fc932-0c1c-11f0-8ba9-005056b0ce82.zip,2025-03-28 23:53:40.626941,2e2e6062-ba8d-44e6-9203-cbc1219eea00,historischer_uebersichtsplan_der_stadt_zuerich_um_1978.tif
Historischer Übersichtsplan der Stadt Zürich um 1864,01195c90-0c1c-11f0-a7b5-005056b0ce82.zip,2025-03-28 23:53:50.460983,8c47dccc-9808-46af-bb24-ac64c9b8631c,historischer_uebersichtsplan_der_stadt_zuerich_um_1864.tif
Historische Karte von Hans Conrad Gyger - Schanzenplanung (ca. 1644),952106e4-0c1b-11f0-a018-005056b0ce82.zip,2025-03-28 23:59:19.456243,bd124870-950c-450a-895e-a2e596d4d2b3,historische_karte_von_hans_conrad_gyger_schanzenplanung_ca_1644_.tif
Historische Dorfkerne,7fa396e4-0c1b-11f0-a754-005056b0ce82.zip,2025-03-28 23:59:20.653263,0e1ed946-8351-48eb-b2b0-e261db4965bb,historische_dorfkerne.gpkg
Historische Bilder,7ca3bee7-0c1b-11f0-a491-005056b0ce82.zip,2025-03-28 23:59:21.958943,e8990944-b04f-4ea6-9980-72eda3bff4d8,historische_bilder.gpkg
Haiku im Park,79a3cdc4-0c1b-11f0-a7e9-005056b0ce82.zip,2025-03-28 23:59:23.129039,7a425aaf-abf7-4cae-87c8-85307ac6ac2c,haiku_im_park.gpkg
Grünflächen,76afb5c7-0c1b-11f0-850b-005056b0ce82.zip,2025-03-28 23:59:25.571142,f9eb407f-0538-431e-82bc-b315c47c2884,gruenflaechen.gpkg
Gesundheitszentrum,6ca65f3d-0c1b-11f0-849a-005056b0ce82.zip,2025-03-28 23:59:26.752779,b3745ea4-c114-4b48-bb9f-96a028f390c7,gesundheitszentrum.gpkg
Geschützte Einzelbäume,69ad5a1c-0c1b-11f0-9c63-005056b0ce82.zip,2025-03-28 23:59:28.022362,0f780fed-80bb-4810-b4fe-9759cd836d82,geschuetzte_einzelbaeume.gpkg
Gericht,66aa4fb7-0c1b-11f0-87bc-005056b0ce82.zip,2025-03-28 23:59:29.210708,2fa77c77-4b9b-4410-a0c2-6454c2aa3833,gericht.gpkg
Gemeinschaftszentrum,63aedd57-0c1b-11f0-91d2-005056b0ce82.zip,2025-03-28 23:59:30.489410,1e2848c7-da52-459d-b009-44f3699b40d3,gemeinschaftszentrum.gpkg
Gemeindefriedhöfe,60b35023-0c1b-11f0-a05e-005056b0ce82.zip,2025-03-28 23:59:31.645124,f763f769-b0e5-4a72-8183-09d4fe88aa02,gemeindefriedhoefe.gpkg
Gebietsnamen,5db00962-0c1b-11f0-b7df-005056b0ce82.zip,2025-03-28 23:59:32.923830,b83988f8-abad-4535-b429-44c5f0ce2983,gebietsnamen.gpkg
Gebietseinteilung Parkierungsgebühren,5a8adb10-0c1b-11f0-8aaa-005056b0ce82.zip,2025-03-28 23:59:34.273645,5daa8a01-c2c6-4acb-8499-779e5fc7b8db,gebietseinteilung_parkierungsgebuehren.gpkg
Gebietseinteilung GSZ - GB Park- und Grünanlagen,578dd626-0c1b-11f0-bdce-005056b0ce82.zip,2025-03-28 23:59:35.522470,9f05ecf9-f764-451a-a9f5-801814bde031,gebietseinteilung_gsz_gb_park_und_gruenanlagen.gpkg
Gebietseinteilung Gartendenkmalpflege,5481a63a-0c1b-11f0-9098-005056b0ce82.zip,2025-03-28 23:59:36.713342,fd031223-7d9c-4a42-a326-9bc463fc060c,gebietseinteilung_gartendenkmalpflege.gpkg
Gebietseinteilung Freiraumberatung,5180b576-0c1b-11f0-9467-005056b0ce82.zip,2025-03-28 23:59:37.992763,b6286417-b01b-516e-a4a2-fa56c3d4c4cc,gebietseinteilung_freiraumberatung.gpkg
Gebietseinteilung der römisch-katholischen Kirchgemeinden,4e7f1d76-0c1b-11f0-9415-005056b0ce82.zip,2025-03-28 23:59:39.171211,40e9b27b-20bd-4ee4-82d5-906b49ee9e39,gebietseinteilung_der_roemisch_katholischen_kirchgemeinden.gpkg
Gebietseinteilung der evangelisch-reformierten Kirchenkreise der Stadt Zürich,4b88668f-0c1b-11f0-a160-005056b0ce82.zip,2025-03-28 23:59:40.442322,d3eb6517-5ee7-46e5-841d-684d4bca4f6d,gebietseinteilung_der_evangelisch_reformierten_kirchenkreise_der_stadt_zuerich.gpkg
Gebietseinteilung der evangelisch-reformierten Bestattungsgebiete der Stadt Zürich,4886f3bd-0c1b-11f0-922b-005056b0ce82.zip,2025-03-28 23:59:41.624079,07a742e8-2d8b-4360-b691-4d1225c4fe63,gebietseinteilung_der_evangelisch_reformierten_bestattungsgebiete_der_stadt_zuerich.gpkg
Gebietseignung für leitungsgebundene Energieversorgung,45875536-0c1b-11f0-9b93-005056b0ce82.zip,2025-03-28 23:59:42.893680,b94d080f-d16b-4c5a-b05f-7c641ec35f99,gebietseignung_fuer_leitungsgebundene_energieversorgung.gpkg
Gebiets- und Bezirkseinteilung der evangelisch-reformierten Kirchgemeinden,4285033d-0c1b-11f0-9656-005056b0ce82.zip,2025-03-28 23:59:44.059462,fb8d2e8a-a0cf-4603-b8c6-d763fa21321c,gebiets_und_bezirkseinteilung_der_evangelisch_reformierten_kirchgemeinden.gpkg
Gebiete mit Gartenstadtcharakter parzellenscharf,3f6f6bb4-0c1b-11f0-9694-005056b0ce82.zip,2025-03-28 23:59:45.381619,1aaf46d1-77b0-4ab8-9ab9-49cc53ba0238,gebiete_mit_gartenstadtcharakter_parzellenscharf.gpkg
Gebäudebrüter,3c5dfa0a-0c1b-11f0-a2f1-005056b0ce82.zip,2025-03-28 23:59:46.543069,7af37b6f-6098-4526-b900-fcc09e4742ea,gebaeudebrueter.gpkg
Gastwirtschaftsbetriebe,3945a936-0c1b-11f0-b59e-005056b0ce82.zip,2025-03-28 23:59:47.820903,3fda8098-6855-4fe2-a831-312c17b47b16,gastwirtschaftsbetriebe.gpkg
Gang dur Züri,2f21382b-0c1b-11f0-a2e7-005056b0ce82.zip,2025-03-28 23:59:48.990564,60ff6131-efc0-4f09-af1e-4aeef4bc206d,gang_dur_zueri.gpkg
Fuss- und Velowegnetz,2bfd2be5-0c1b-11f0-9519-005056b0ce82.zip,2025-03-28 23:59:50.351422,3a0c430c-5959-46b5-9cc1-9f458cf52b40,fuss_und_velowegnetz.gpkg
Fundbüro,28c326d6-0c1b-11f0-9bc6-005056b0ce82.zip,2025-03-28 23:59:51.602773,0cb2de69-fc6d-4ebc-a342-5323ca4cb030,fundbuero.gpkg
Friedhofkreise,25918823-0c1b-11f0-bcbf-005056b0ce82.zip,2025-03-28 23:59:52.840629,240f8b74-b4d4-4df4-849d-e7bbe0f44feb,friedhofkreise.gpkg
Familienzentrum,182e3d0d-0c1b-11f0-bcd6-005056b0ce82.zip,2025-03-28 23:59:54.004327,542501c6-8acb-4050-85e5-c058e877ddcd,familienzentrum.gpkg
Basiskarte Zürich Raster Grau,ee3b75ec-0c0c-11f0-ad3b-005056b0ce82.zip,2025-03-29 00:04:31.546378,060c1554-3e3d-435d-a031-3586e1c25565,basiskarte_zuerich_raster_grau.tif
Park,ba62730a-0c2c-11f0-9ce8-005056b0ce82.zip,2025-03-29 00:04:31.546378,cad6a881-b1de-4367-9124-757aee3aee82,park.gpkg
Öffentliche Planauflagen von Strassenbauprojekten gemäss § 13 StrG und § 16 und § 17 StrG,5c82c6b5-0c2b-11f0-814b-005056b0ce82.zip,2025-03-29 10:11:06.307886,5e19b4f4-2c2b-4b26-9fef-dfc661efa5f6,oeffentliche_planauflagen_von_strassenbauprojekten_gemaess_13_strg_und_16_und_17_strg.gpkg
Öffentliche Beleuchtung der Stadt Zürich,5979836f-0c2b-11f0-94dd-005056b0ce82.zip,2025-03-29 10:11:07.553403,6df4cf7c-9cd0-4395-85fe-e8d7b12ed1f3,oeffentliche_beleuchtung_der_stadt_zuerich.gpkg
Zweiradparkierung,a443d15f-0e68-11f0-8efa-005056b0ce82.zip,2025-03-31 22:03:18.641022,58a361e5-a82e-42df-8ca6-f37313a6f664,zweiradparkierung.gpkg
Züri wie neu,8982fa1a-0e68-11f0-997d-005056b0ce82.zip,2025-03-31 22:03:21.510413,bdc59964-489a-46d2-a6f4-0d6ee8a7d091,zueri_wie_neu.gpkg
Züri WC,85cb10f7-0e68-11f0-b491-005056b0ce82.zip,2025-03-31 22:03:22.684638,c771f5e3-14bf-4549-87f8-9e2270842eaa,zueri_wc.gpkg
ZSO Notfalltreffpunkte,7a67b408-0e68-11f0-8fc6-005056b0ce82.zip,2025-03-31 22:03:23.886554,f06f13b8-63d6-4a5e-977c-bb9dbabbe252,zso_notfalltreffpunkte.gpkg
Wildschonreviere OGD,6f58ad6d-0e68-11f0-88aa-005056b0ce82.zip,2025-03-31 22:03:25.066579,2a5b0d74-6ae1-4701-b3cf-34bd485cdbd9,wildschonreviere_ogd.gpkg
Verkehrsachsensystem Stadt Zuerich,352af50d-0e68-11f0-a504-005056b0ce82.zip,2025-03-31 22:03:27.990442,408caaff-d660-4762-aa71-41a5e5095e4b,verkehrsachsensystem_stadt_zuerich.gpkg
Verfahrensart für den Bau von PV-Anlagen,31cb2ac7-0e68-11f0-8632-005056b0ce82.zip,2025-03-31 22:03:29.574624,6e71d60b-9d6d-4679-b58d-e0b8fe53be32,verfahrensart_fuer_den_bau_von_pv_anlagen.gpkg
Veloverleih,2e70c4b4-0e68-11f0-9675-005056b0ce82.zip,2025-03-31 22:03:30.767076,c442a7a4-744c-499a-b2ab-0d670cce5af5,veloverleih.gpkg
Velopumpstationen,2b177e31-0e68-11f0-b704-005056b0ce82.zip,2025-03-31 22:03:31.991515,ed1e198a-f8ae-46a2-b46b-7578341df617,velopumpstationen.gpkg
Veloprüfstrecken,27cd3383-0e68-11f0-be2a-005056b0ce82.zip,2025-03-31 22:03:33.169024,2c6002fb-198c-44b9-8612-6e556507ba9e,velopruefstrecken.gpkg
Velonetzplanung,249a5a85-0e68-11f0-8e8a-005056b0ce82.zip,2025-03-31 22:03:34.412312,0a1565aa-0da1-4ad2-ac11-25ee63d6ff08,velonetzplanung.gpkg
VBZ-Verkaufsstelle,21551124-0e68-11f0-8caf-005056b0ce82.zip,2025-03-31 22:03:35.599858,1cbc6008-73f8-4adf-8ec7-52a09ad5cdd8,vbz_verkaufsstelle.gpkg
VBZ-Infrastruktur OGD,1e365962-0e68-11f0-812d-005056b0ce82.zip,2025-03-31 22:03:37.241334,781396aa-689e-4cc1-89b3-ed9af2bba3b7,vbz_infrastruktur_ogd.gpkg
Teilplan Kaltluftsystem Rasterkarte,0c75bd0f-0e68-11f0-aded-005056b0ce82.zip,2025-03-31 22:03:44.068490,387cfca4-43e4-412d-9924-ab6a47b39f5b,teilplan_kaltluftsystem_rasterkarte.tif
Teilplan Hitzeminderung Rasterkarte,f6e876fe-0e67-11f0-8534-005056b0ce82.zip,2025-03-31 22:03:49.372267,81a72fc2-cd9a-452a-89a4-fe7383fae86c,teilplan_hitzeminderung_rasterkarte.tif
Teilplan Entlastungssystem Rasterkarte,e154499f-0e67-11f0-bcd8-005056b0ce82.zip,2025-03-31 22:03:53.855635,c931a6ba-ce90-4049-bdd0-e7eea0e40dec,teilplan_entlastungssystem_rasterkarte.tif
Suchtbehandlung,cb79e349-0e67-11f0-a5f6-005056b0ce82.zip,2025-03-31 22:03:55.052688,d6b2e956-2d36-4d64-840d-ec8ecdc1194e,suchtbehandlung.gpkg
Strassennamenverzeichnis,c83e535f-0e67-11f0-902e-005056b0ce82.zip,2025-03-31 22:03:56.315420,b0c61bbb-3b3a-4ba3-80e8-52be6111aecd,strassennamenverzeichnis.gpkg
Strassenlärmsanierung,c52b7d82-0e67-11f0-a493-005056b0ce82.zip,2025-03-31 22:03:57.617833,358b6d14-81fd-4fff-98ea-420ce3b166a8,strassenlaermsanierung.gpkg
Strassenklassierung,bdcccd33-0e67-11f0-b8d7-005056b0ce82.zip,2025-03-31 22:03:58.950199,d2379195-d6e1-453a-bbef-aedb291e84af,strassenklassierung.gpkg
Stimmlokale,ba99bb83-0e67-11f0-95c8-005056b0ce82.zip,2025-03-31 22:04:00.165090,563eda31-bbeb-433c-9426-741b1e9fbce0,stimmlokale.gpkg
Stimmkreise,b736e11d-0e67-11f0-ae42-005056b0ce82.zip,2025-03-31 22:04:01.453402,edc23330-652f-47ec-bfd2-0026983d602d,stimmkreise.gpkg
Stillgewaesserinventar,b3a147f7-0e67-11f0-8d2e-005056b0ce82.zip,2025-03-31 22:04:02.690463,bc9b3021-90ce-4c7d-87ff-5f5bc407fcbc,stillgewaesserinventar.gpkg
Stillgelegte Gasnetze,afe7a623-0e67-11f0-be04-005056b0ce82.zip,2025-03-31 22:04:03.900855,de235d3d-d9c7-401d-a491-fecf8ca3b59b,stillgelegte_gasnetze.gpkg
Statistische Zonen,ac408530-0e67-11f0-9d3a-005056b0ce82.zip,2025-03-31 22:04:05.153809,509be497-5bce-41b9-abb1-8481e50a669d,statistische_zonen.gpkg
Statistische Quartiere,a8a11835-0e67-11f0-bf95-005056b0ce82.zip,2025-03-31 22:04:06.359778,3853f37f-703b-4bf7-8695-ad77b698ecf4,statistische_quartiere.gpkg
Standorte ZüriVelo,a4ef16c5-0e67-11f0-aed1-005056b0ce82.zip,2025-03-31 22:04:07.589959,d931e8e3-0b17-4001-9d65-92e3fba36353,standorte_zuerivelo.gpkg
Standorte subventionierte Deutschkurse,a1382820-0e67-11f0-be25-005056b0ce82.zip,2025-03-31 22:04:08.973817,41eaf8f7-7796-4455-a1d1-28a0cf8e9ae2,standorte_subventionierte_deutschkurse.gpkg
Standorte der Verkehrszählungen MIV,9d83a588-0e67-11f0-9868-005056b0ce82.zip,2025-03-31 22:04:10.191022,3961017b-6a91-4f05-8dca-669f02d27878,standorte_der_verkehrszaehlungen_miv.gpkg
Standorte der automatischen Fuss- und Velozählungen,99ba0be7-0e67-11f0-9606-005056b0ce82.zip,2025-03-31 22:04:11.436415,610e097e-41df-4ded-b3b7-7ef808d6ef8e,standorte_der_automatischen_fuss_und_velozaehlungen.gpkg
Stadttunnel,9609a542-0e67-11f0-af64-005056b0ce82.zip,2025-03-31 22:04:12.703600,c43df057-a9ca-47e4-8bda-b0444fc465d3,stadttunnel.gpkg
Stadtspaziergänge Züri zFuess,92565d27-0e67-11f0-8b89-005056b0ce82.zip,2025-03-31 22:04:13.959619,4662d923-0527-4c68-b931-3094318a8baa,stadtspaziergaenge_zueri_zfuess.gpkg
Stadtpolizei,8e8f8ab1-0e67-11f0-8f13-005056b0ce82.zip,2025-03-31 22:04:15.207529,b42ffe3f-58c8-4bca-8015-d81ec2b63596,stadtpolizei.gpkg
Stadtkreise,83487870-0e67-11f0-adfd-005056b0ce82.zip,2025-03-31 22:04:16.476412,ef63d04f-5341-4ef8-823a-361c78049a4d,stadtkreise.gpkg
Sport,7f970896-0e67-11f0-99d4-005056b0ce82.zip,2025-03-31 22:04:17.840849,c0470d4e-0b5f-42bd-a4f1-caa1fc466a4a,sport.gpkg
Spitex,7bc7fd8c-0e67-11f0-b447-005056b0ce82.zip,2025-03-31 22:04:19.062685,a4cd35a7-f588-416c-b2f1-bb6537a6705f,spitex.gpkg
Spitalnotaufnahme,7816a25f-0e67-11f0-8714-005056b0ce82.zip,2025-03-31 22:04:20.279463,ebed2940-3352-4116-ad3d-d432ef1c63f4,spitalnotaufnahme.gpkg
Spital,746a96b5-0e67-11f0-b1b0-005056b0ce82.zip,2025-03-31 22:04:21.556451,05e38df6-da07-48e1-a66a-e240532c484d,spital.gpkg
Sozialzentrum,70cc027a-0e67-11f0-ba67-005056b0ce82.zip,2025-03-31 22:04:22.862505,d5336c65-6da5-4817-abfa-43ec448550b7,sozialzentrum.gpkg
Sonderabfallsammlung,6d1624d3-0e67-11f0-8362-005056b0ce82.zip,2025-03-31 22:04:24.096137,e2c05c9a-29a2-45b2-b6d3-a0c7549c05c7,sonderabfallsammlung.gpkg
Sitzbankkataster OGD,6971c08f-0e67-11f0-b796-005056b0ce82.zip,2025-03-31 22:04:25.346808,61716ce2-9b2f-47f0-9085-8e5e3d1731ca,sitzbankkataster_ogd.gpkg
Signalisierte Geschwindigkeiten,5e52ce7d-0e67-11f0-801b-005056b0ce82.zip,2025-03-31 22:04:26.618383,f7d0974a-68d6-4bf9-a2e7-b76d3edf46e5,signalisierte_geschwindigkeiten.gpkg
Sharing Zonen,5aad1c14-0e67-11f0-ae18-005056b0ce82.zip,2025-03-31 22:04:27.827254,91acfe4c-1487-447d-8db8-1c68e0186ebd,sharing_zonen.gpkg
Schulwegübergänge,57019cd3-0e67-11f0-9a88-005056b0ce82.zip,2025-03-31 22:04:29.062586,d3966c28-d910-4256-8235-90322777d861,schulweguebergaenge.gpkg
Schulkreise,53466a04-0e67-11f0-9a5f-005056b0ce82.zip,2025-03-31 22:04:30.274202,bdf81cdd-31db-43d7-a675-29f3221a1ddd,schulkreise.gpkg
Schulanlagen,4f9aadf6-0e67-11f0-bcc8-005056b0ce82.zip,2025-03-31 22:04:31.546460,62f69136-712e-492e-8de3-61549aa218d3,schulanlagen.gpkg
Schiffstandplätze auf dem Gebiet der Stadt Zürich,4be3abdb-0e67-11f0-83ac-005056b0ce82.zip,2025-03-31 22:04:32.779344,fa2eccd0-8257-4c86-b34f-f413e82f02b3,schiffstandplaetze_auf_dem_gebiet_der_stadt_zuerich.gpkg
Sammelstelle,4816f2e4-0e67-11f0-bc09-005056b0ce82.zip,2025-03-31 22:04:33.973076,fec6de5c-1efd-4a59-b0a2-dc1112dcf8e1,sammelstelle.gpkg
Rossiplan,446258e1-0e67-11f0-9a51-005056b0ce82.zip,2025-03-31 22:04:36.917392,7fead11e-5e64-4fb3-8aa0-8fa417233c3a,rossiplan.tif
Reinigungsregionsgrenzen,2ee0f434-0e67-11f0-aa79-005056b0ce82.zip,2025-03-31 22:04:38.168944,3e188931-3710-40ff-b758-91963d2778ac,reinigungsregionsgrenzen.gpkg
Recyclinghof,2bc440f3-0e67-11f0-ae6b-005056b0ce82.zip,2025-03-31 22:04:39.362632,bf978632-6924-4576-827c-35ba4f3dd6c6,recyclinghof.gpkg
Randabschlüsse Konzeptplan,287952f0-0e67-11f0-a689-005056b0ce82.zip,2025-03-31 22:04:40.610366,5ad023ca-307d-4081-83ee-cd317e60e16d,randabschluesse_konzeptplan.gpkg
Quartiertreff,25368912-0e67-11f0-af29-005056b0ce82.zip,2025-03-31 22:04:41.818910,c48febfa-ffcd-4b00-afc8-c5d19fa591d7,quartiertreff.gpkg
Quartiere (basierend auf Vermessungsbezirken),2216de50-0e67-11f0-9182-005056b0ce82.zip,2025-03-31 22:04:43.026017,2f94ebf7-bf0b-452a-baaf-49e1b5999d5c,quartiere_basierend_auf_vermessungsbezirken_.gpkg
Park,bc17878a-452b-11f0-87fc-005056b0ce82.zip,2025-06-09 14:25:00.000000,cad6a881-b1de-4367-9124-757aee3aee82,park.gpkg
Purzelbaum,1ee7252e-0e67-11f0-9a98-005056b0ce82.zip,2025-03-31 22:04:44.239756,b67a1edd-bac8-42bf-a7b3-3e76f51a9498,purzelbaum.gpkg
Private Alters- und Pflegeheime sowie weitere Alterswohnformen,147d2c41-0e67-11f0-9b34-005056b0ce82.zip,2025-03-31 22:04:45.504208,9f72e5b7-4c72-4ac6-84a9-ab6ce26fba03,private_alters_und_pflegeheime_sowie_weitere_alterswohnformen.gpkg
POI öffentliche Spielplätze,0a3ed269-0e67-11f0-be39-005056b0ce82.zip,2025-03-31 22:04:46.706253,b11c1ba4-ac8a-4c3b-9400-f4eccefbe664,poi_oeffentliche_spielplaetze.gpkg
Plan Lumiere Konzeptplan,ffdfd0b5-0e66-11f0-9e6d-005056b0ce82.zip,2025-03-31 22:04:47.940644,1b6aa2d3-da5f-48b0-b8d2-9c419c816969,plan_lumiere_konzeptplan.gpkg
Perimeter des Parkplatzkompromisses,f996ef52-0e66-11f0-9878-005056b0ce82.zip,2025-03-31 22:04:50.323062,1cf8a2e5-fa80-4917-b8c4-9cafd61e8989,perimeter_des_parkplatzkompromisses.gpkg
Parkplatzverordnung PPV,f674448c-0e66-11f0-a1f8-005056b0ce82.zip,2025-03-31 22:04:51.548452,5dab2015-1137-4d88-9629-ed8de47f932d,parkplatzverordnung_ppv.gpkg
Öffentlich zugängliche Strassenparkplätze OGD,f34a3fba-0e66-11f0-bca9-005056b0ce82.zip,2025-03-31 22:04:52.829112,4386abbc-d3c5-4178-abac-cc3f13defa14,oeffentlich_zugaengliche_strassenparkplaetze_ogd.gpkg
Öffentlich zugängliche Parkhäuser,e9153b84-0e66-11f0-8482-005056b0ce82.zip,2025-03-31 22:04:54.062438,6f741363-a627-4c41-b8cb-cdee399ee420,oeffentlich_zugaengliche_parkhaeuser.gpkg
Nutzungsplanung - kommunale Bau- und Zonenordnung 1999 (BZO99),dec0ab11-0e66-11f0-9289-005056b0ce82.zip,2025-03-31 22:04:55.495453,e468eee0-b3fb-4865-bdff-d036899c10a2,nutzungsplanung_kommunale_bau_und_zonenordnung_1999_bzo99_.gpkg
Nutzungsplanung - kommunale Bau- und Zonenordnung (BZO),db8eacd6-0e66-11f0-a336-005056b0ce82.zip,2025-03-31 22:04:56.892521,146432dc-d147-40c1-9cae-8d4fe43b6f98,nutzungsplanung_kommunale_bau_und_zonenordnung_bzo_.gpkg
Naturschulen,d84089ed-0e66-11f0-ac55-005056b0ce82.zip,2025-03-31 22:04:58.162823,ae0cc56c-f8e8-433a-aa4e-ef4b6454c840,naturschulen.gpkg
Mütter- und Väterberatung,d52c0c3a-0e66-11f0-8dbb-005056b0ce82.zip,2025-03-31 22:04:59.374971,8583f7bd-0000-49b2-b6c2-d3284fa53cf3,muetter_und_vaeterberatung.gpkg
Liegenschafteninventar OGD,d1dfc2c2-0e66-11f0-8d21-005056b0ce82.zip,2025-03-31 22:05:00.907976,6de9e7cf-9416-4610-b73e-c532ac247454,liegenschafteninventar_ogd.gpkg
Lehrpfade,cecc162d-0e66-11f0-b0a7-005056b0ce82.zip,2025-03-31 22:05:02.127814,106fd384-4b2f-463f-9ab5-a4c0e58ce394,lehrpfade.gpkg
Landpreiszonen zur Gebührenordnung,c4ad22c0-0e66-11f0-be72-005056b0ce82.zip,2025-03-31 22:05:03.333110,d58d45f6-09f1-4d09-8e6e-730d4890b4de,landpreiszonen_zur_gebuehrenordnung.gpkg
Kunstbauteninventar,c188ce7c-0e66-11f0-8117-005056b0ce82.zip,2025-03-31 22:05:04.578834,431091d2-2915-4728-8fb6-80081451600a,kunstbauteninventar.gpkg
Kunst im Stadtraum,be6c057e-0e66-11f0-a968-005056b0ce82.zip,2025-03-31 22:05:05.795534,eb6bf192-ac91-4eb1-b6b4-33c997a0ba33,kunst_im_stadtraum.gpkg
Krematorium,bb589bbd-0e66-11f0-bdec-005056b0ce82.zip,2025-03-31 22:05:07.005933,2e71201d-e8ba-4b41-81a4-31c125b133c6,krematorium.gpkg
Kreisschulbehörde,b84c1fb7-0e66-11f0-8475-005056b0ce82.zip,2025-03-31 22:05:08.207145,a270d635-e022-41c3-83b3-3cb44589303c,kreisschulbehoerde.gpkg
Kreisbüro,b54666a5-0e66-11f0-b310-005056b0ce82.zip,2025-03-31 22:05:09.394877,25485ead-b659-43e8-8639-d84554768d3f,kreisbuero.gpkg
Kreisarchitekteneinteilung,b23ce3a6-0e66-11f0-86ab-005056b0ce82.zip,2025-03-31 22:05:10.595250,ea473c28-0b54-4dea-a8bf-c621582bd471,kreisarchitekteneinteilung.gpkg
Kommunaler Richtplan Verkehr,af2fe559-0e66-11f0-928f-005056b0ce82.zip,2025-03-31 22:05:11.860013,4c32cf73-be9a-42ec-aa6a-3dfc6f0d5269,kommunaler_richtplan_verkehr.gpkg
Kommunaler Richtplan Siedlung Landschaft öffentliche Bauten und Anlagen - Textkarten,abfebc54-0e66-11f0-813b-005056b0ce82.zip,2025-03-31 22:05:13.739344,c839cb87-d405-4dd8-a7ae-393f3f8907c1,kommunaler_richtplan_siedlung_landschaft_oeffentliche_bauten_und_anlagen_textkarten.tif
Kommunaler Richtplan Siedlung Landschaft öffentliche Bauten und Anlagen,965658cd-0e66-11f0-b1c9-005056b0ce82.zip,2025-03-31 22:05:15.212806,f59e26db-bc16-4089-b727-d8ed43acac05,kommunaler_richtplan_siedlung_landschaft_oeffentliche_bauten_und_anlagen.gpkg
Kommunale Energieplanung - Energieplankarte,935466c1-0e66-11f0-bfea-005056b0ce82.zip,2025-03-31 22:05:16.545365,6b6e9fd7-8694-453a-af32-931c4b43cca7,kommunale_energieplanung_energieplankarte.gpkg
Klimadaten,901da74d-0e66-11f0-912b-005056b0ce82.zip,2025-03-31 22:05:18.011813,de09aebc-e7ee-4601-aae2-e7e70aaebe52,klimadaten.tif
Kleinquartiere,8c66b046-0e66-11f0-9d51-005056b0ce82.zip,2025-03-31 22:05:20.395082,cb857712-0bb5-4a6b-b7a1-c304bb3f731c,kleinquartiere.gpkg
Kindertagesstätte,8963e1fa-0e66-11f0-a3bf-005056b0ce82.zip,2025-03-31 22:05:21.606680,8971aef6-a00c-4090-9f6d-d095a0615339,kindertagesstaette.gpkg
Jugendtreff,7f24fcf2-0e66-11f0-b107-005056b0ce82.zip,2025-03-31 22:05:22.822488,4329bf06-6d3a-4493-8565-544ba75872bb,jugendtreff.gpkg
Historische Karte von Hans Conrad Gyger (1667),3b2ddf55-0e66-11f0-a958-005056b0ce82.zip,2025-03-31 22:05:31.878293,27841ef5-d9f7-480f-92a3-28034be96af9,historische_karte_von_hans_conrad_gyger_1667_.tif
Basiskarte Zürich Raster,cc7e4d74-0e65-11f0-a859-005056b0ce82.zip,2025-03-31 22:21:17.764899,819e58f6-660c-4cd4-ada6-f70329985d13,basiskarte_zuerich_raster.tif
"Abstimmungsparolen der Parteien im Gemeinderat für Gemeindeabstimmungen, seit 2012",abstimmungsparolen.csv,2025-05-31 21:06:37.853015,67996c3a-7edc-4833-a8ec-ce8a6958ca6c,abstimmungsparolen.csv
Adressen mit Zuordnung des Quartiers und der Bauzonen gemäss BZO 1999 und BZO 2016,bau514od5143.csv,2025-05-31 21:06:41.544836,1b874e7a-23c4-4237-81f6-6698e4effc76,bau514od5143.csv
Anrufe bei der Einsatzleitzentrale,ges104od1042.csv,2025-05-31 21:06:49.832123,480946d9-556d-434e-93c3-e4f1a44af711,ges104od1042.csv
Anteil Ausländer*innen,bev322od3226.csv,2025-05-31 21:07:23.348329,55ecf51e-a474-4ce0-8d5f-30e7a01040d9,bev322od3226.csv
Anzahl Beratungen der Fachstelle Elternschaft und Unterhalt (Nachführung eingestellt),sd_sod_fachstelle_elternschaft_unterhalt.csv,2025-05-31 21:07:26.904037,f72ee05c-2ec5-55a6-b387-7c3dca1918d9,sd_sod_fachstelle_elternschaft_unterhalt.csv
Anzahl Beratungen der Fachstelle Pflegekinder (Nachführung eingestellt),sd_sod_fachstelle_pflegekinder.csv,2025-05-31 21:07:30.421878,e0e13582-5975-491e-bf97-740bd817cca8,sd_sod_fachstelle_pflegekinder.csv
Anzahl Beratungen der Mütter- und Väterberatung,sd_sod_beratungen_muetter_vaeterberatung.csv,2025-05-31 21:07:33.885219,0a510ae0-2e1d-4a2b-8a47-fdad6e5b1680,sd_sod_beratungen_muetter_vaeterberatung.csv
"Anzahl Einbrüche nach Gemeinden und in den Stadtkreisen der Stadt Zürich, seit 2009",KTZH_00002042_00004083.csv,2025-05-31 21:07:37.561564,bda21bd3-7ffb-40bd-b410-3c19bbe1772d,KTZH_00002042_00004083.csv
Anzahl Gebäude durch Neubau und Abbruch nach Gebäudeart,bau506od5064.csv,2025-05-31 21:07:41.019740,3e0857d5-5b48-4bbf-a147-f7aa34f10306,bau506od5064.csv
Anzahl Gebäude in Bestand nach Gebäudeart,bau506od5061.csv,2025-05-31 21:07:44.592166,f2b60b01-10a6-4f38-951b-04c04f21a896,bau506od5061.csv
Anzahl Jugendberatungen,sd_sod_anzahl_jugendberatungen.csv,2025-05-31 21:07:48.001056,1548c159-6370-4ae4-a1dc-827c6ab50d75,sd_sod_anzahl_jugendberatungen.csv
"Anzahl Straftaten nach Tatbestandsgruppe für ausgewählte Gemeinden und die Stadtkreise der Stadt Zürich, seit 2009",ktzh_00001202_00003600.csv,2025-05-31 21:07:54.451273,3769d836-d50c-42b5-a06f-9b7d78b8bc79,ktzh_00001202_00003600.csv
Anzahl Wohnungen durch Neubau und Abbruch nach Zimmerzahl,bau506od5065.csv,2025-05-31 21:07:58.040609,d7e59877-f9ab-4fd4-a1ff-14db675e5c12,bau506od5065.csv
Anzahl Wohnungen nach Zimmerzahl in Bestand,bau506od5062.csv,2025-05-31 21:08:01.477995,e0415103-3bba-42e8-8724-21664b9fbed7,bau506od5062.csv
"Anzahl Zusatzleistungs-Fälle der Stadt Zürich nach Rentenart (AHV, IV, HV) und Wohnsituation (Wohnung, Heim, selbstbewohnte Liegenschaft)",sd_azl_zlbeziehende_rentenart_wohnart.csv,2025-05-31 21:08:05.055824,2b563ca3-5dbc-4a46-828a-2b2e576325e6,sd_azl_zlbeziehende_rentenart_wohnart.csv
"Anzahl statistische Wohnungen nach Art der Erneuerung, Eigentumsart und Stadtquartier",bau531od5312.csv,2025-05-31 21:08:08.734941,fea9cc4a-0d04-4649-9b91-96ae28b2c231,bau531od5312.csv
"Anzahl Änderungen des Geschlechtseintrags nach Geschlecht, 10-Jahres-Altersklasse und Herkunft",bev306od3060.csv,2025-05-31 21:08:42.246168,f72b4d27-3cee-45d6-ad21-a1c2ea2e4c1f,bev306od3060.csv
"Arbeitsstätten, Beschäftigte und Vollzeitäquivalente nach Rechtsform und Betriebsgrösse",wir255od2552.csv,2025-05-31 21:25:15.552544,44fcf7bd-e812-4cd7-8275-52c9b5b06d6b,wir255od2552.csv
"Arbeitsstätten, Beschäftigte und Vollzeitäquivalente nach Sektor und Wirtschaftszweig",wir255od2551.csv,2025-05-31 21:25:19.237497,99d05099-22ff-490d-b4c5-6a2bf203232d,wir255od2551.csv
Aufenthaltsart der ausländischen Bevölkerung nach Nationalität und Geschlecht,bev337od3371.csv,2025-05-31 21:25:23.065651,f75bb86b-7d70-416e-bb66-16af7fe6dbf9,bev337od3371.csv
"Aufenthaltsdauer beim Wegzug nach auswärts nach Alter, Geschlecht, Herkunft und Stadtkreis",bev525od5251.csv,2025-05-31 21:25:27.582681,b0c334e1-5af0-4412-83b2-316019394ead,bev525od5251.csv
"Aufenthaltsdauer der Wohnbevölkerung nach Alter, Geschlecht, Herkunft und Stadtkreis",bev524od5241.csv,2025-05-31 21:25:31.229880,b67c0454-0abe-48f7-a5dd-0961bea89912,bev524od5241.csv
Aufwand und Ertrag in der wirtschaftlichen Hilfe gemäss Sozialhilfe-Gesetz seit 2014,sd_sod_aufwand_ertrag_wirtschaftliche_hilfe.csv,2025-05-31 21:25:34.697049,66b74fc1-f717-4c0d-8f8d-7774fd459277,sd_sod_aufwand_ertrag_wirtschaftliche_hilfe.csv
Ausrückzeiten der Feuerwehr,ges102od1027.csv,2025-05-31 21:25:38.175162,fd8bfb09-4318-4ab8-8922-43e9be6ad9fd,ges102od1027.csv
"Bauliche Erneuerung nach Art der Erneuerung, Eigentumsart und Stadtquartier",bau531od5311.csv,2025-05-31 21:25:44.114709,c338b55f-3cc0-4d3d-9a2a-9225121f251d,bau531od5311.csv
Beschäftigte nach Beschäftigungsgrad,wir400od4004.csv,2025-05-31 21:25:47.803563,73b61ab9-34e8-4922-b20b-67f4d0795a11,wir400od4004.csv
Beschäftigte nach Geschlecht und Beschäftigungsgrad,wir400od4005.csv,2025-05-31 21:25:52.503379,64737e66-1643-4829-8fb6-88f765f644a2,wir400od4005.csv
Beschäftigte nach Sektor und Beschäftigungsgrad,wir400od4006.csv,2025-05-31 21:25:55.948156,de61ac74-016f-4b94-be56-a43dcdaa337e,wir400od4006.csv
Beschäftigte und Vollzeitäquivalente,wir400od4001.csv,2025-05-31 21:25:59.385753,3ff232a1-7dc3-46a1-b21f-469ab30b7e07,wir400od4001.csv
Beschäftigte und Vollzeitäquivalente nach Geschlecht,wir400od4002.csv,2025-05-31 21:26:02.845690,4260acb7-dd25-4429-a92a-6636cf3dcd39,wir400od4002.csv
Beschäftigte und Vollzeitäquivalente nach Sektor,wir400od4003.csv,2025-05-31 21:26:06.356931,37ce62cf-47c6-49d9-9bd4-5a6f859abb39,wir400od4003.csv
Beschäftigungsgrad der Erwerbstätigen nach Geschlecht,wir504od5041.csv,2025-05-31 21:26:09.867563,4f4eeaf9-5196-4232-a33a-d1080e898ebe,wir504od5041.csv
Beschäftigungsgrad der Erwerbstätigen nach Herkunft,wir504od5042.csv,2025-05-31 21:26:13.291953,beedc10f-be64-4a8d-8739-5a6e06cc18f6,wir504od5042.csv
Bestand der Personenwagen nach Marke und Stadtquartier,ver200od2003.csv,2025-05-31 21:26:17.160110,3f1aa6a5-d7fd-448f-ad2e-25144bcca8e8,ver200od2003.csv
"Bestand der Personenwagen nach Treibstoffart, Rechtsform und Stadtquartier",ver200od2001.csv,2025-05-31 21:26:20.873877,b6a2cf07-6e38-43db-ab19-cff046d105cf,ver200od2001.csv
Bestand der Personenwagen nach nach Fahrzeugalter und Treibstoffart,ver200od2002.csv,2025-05-31 21:26:24.343810,a13cd99c-f52d-4c51-8ed1-f6dee388b9e3,ver200od2002.csv
Bestand der Personenwagen von natürlichen Personen nach Altersklasse und Geschlecht der Halter*innen,ver200od2007.csv,2025-05-31 21:26:29.135692,e8cb8dfb-d747-433c-aad2-1708f5e0a64f,ver200od2007.csv
Bestand der Personenwagen von natürlichen Personen nach Altersklasse und Herkunft der Halter*innen,ver200od2006.csv,2025-05-31 21:26:32.860788,fe6f2a6d-401b-4661-ab65-c23bb223ea35,ver200od2006.csv
Beteiligung am Urnengang der Kantons- und Regierungsratswahlen nach Alter und Geschlecht,pol702od7029.csv,2025-05-31 21:26:36.557814,00fb174f-3b6b-4a50-82d5-0dd7069fb4f6,pol702od7029.csv
Beteiligung am Urnengang der Kantons- und Regierungsratswahlen nach Stadtquartier,pol702od7027.csv,2025-05-31 21:26:40.025991,87a9dc8b-d10d-4d29-8924-adff97c55313,pol702od7027.csv
"Beteiligung am Urnengang der Kantonsrats- und Regierungsratswahlen, nach erstmaliger Teilnahme",pol702od7028.csv,2025-05-31 21:26:44.326526,92d51da3-6b44-4efd-be7c-b727a6eb5be0,pol702od7028.csv
Beteiligung am Urnengang der Nationalrats- und Ständeratswahlen nach Alter und Geschlecht,pol703od7039.csv,2025-05-31 21:26:47.758100,7b929ad8-a780-4036-b085-22a13c8d6e7f,pol703od7039.csv
Beteiligung am Urnengang der Nationalrats- und Ständeratswahlen nach Stadtquartier,pol703od7037.csv,2025-05-31 21:26:51.231369,35a80dc4-a6d9-4cbc-8e73-4fd122414ed1,pol703od7037.csv
"Beteiligung am Urnengang der Nationalrats- und Ständeratswahlen, nach erstmaliger Teilnahme",pol703od7038.csv,2025-05-31 21:26:54.651370,1a0a2c16-a7b7-4296-890e-a19ef80e0c8f,pol703od7038.csv
Beteiligung am Urnengang der Stadt- und Gemeinderatswahlen nach Alter und Geschlecht,pol700od7004.csv,2025-05-31 21:26:58.327567,b7d15619-4d8a-44eb-980c-fc2c304cca56,pol700od7004.csv
Beteiligung am Urnengang der Stadt- und Gemeinderatswahlen nach Stadtquartier,pol700od7005.csv,2025-05-31 21:27:02.104557,a5f23fde-67ac-4809-911b-0adfe87dfba4,pol700od7005.csv
Beteiligung am Urnengang der Stadt- und Gemeinderatswahlen nach erstmaliger Teilnahme,pol700od7003.csv,2025-05-31 21:27:05.517869,a8fbdebf-f536-42cf-ace8-8220476ce72a,pol700od7003.csv
Bevölkerung der Stadt Zürich,bev324od3243.csv,2025-05-31 21:27:39.059744,5c353669-41d3-45bd-a6c5-e8b6d89404e5,bev324od3243.csv
Bevölkerung nach Bevölkerungsdefinition,bev327od3270.csv,2025-05-31 21:27:42.519963,0b562ba0-a40b-4209-9a66-bddc37cb179b,bev327od3270.csv
Bevölkerung nach Bildungsstand,bil100od1002.csv,2025-05-31 21:27:46.001415,4befe916-95af-4eb8-a2ca-0b5b8085bb68,bil100od1002.csv
"Bevölkerung nach Bildungsstand, Jahr und Aufenthaltsart",bil100od1007.csv,2025-05-31 21:27:49.531421,ddd0df84-a9cd-4d6a-8f2d-8f7c7ede5a65,bil100od1007.csv
"Bevölkerung nach Bildungsstand, Jahr, Alter und Geschlecht",bil100od1005.csv,2025-05-31 21:27:53.487147,c1933bc9-157f-4650-bd3b-2e4bd1a9c291,bil100od1005.csv
"Bevölkerung nach Bildungsstand, Stadtkreis und Stadtquartier",bil101od1012.csv,2025-05-31 21:27:56.934600,7ff4c5f2-ac94-4b9d-aa2f-2567ade41be7,bil101od1012.csv
Bevölkerung nach Haushaltsform und Altersgruppe,bev380od3808.csv,2025-05-31 21:28:02.914138,b9c94546-c978-4ac3-80ee-3f0440307cb5,bev380od3808.csv
Bevölkerung nach Herkunft und Geschlecht,bev322od3222.csv,2025-05-31 21:28:08.067199,b90c0f3b-b400-4563-8ae1-5d06e4e98880,bev322od3222.csv
Bevölkerung nach Konfession,bev316od3160.csv,2025-05-31 21:28:20.103768,a8bd1335-ec20-4bb2-bb55-1c0a087e94ac,bev316od3160.csv
"Bevölkerung nach Monat, Stadtquartier, Geschlecht, Altersgruppe und Herkunft",bev325od3250.csv,2025-05-31 21:28:26.910003,a9febb98-23dd-4438-95c6-9cad417d0291,bev325od3250.csv
Bevölkerung nach Nationalität und Stadtquartier,bev336od3361.csv,2025-05-31 21:28:31.135084,eeb68173-d3e5-43f5-80cf-318b5a4045bf,bev336od3361.csv
Bevölkerung nach Religion,bev315od3150.csv,2025-05-31 21:28:43.491346,ebdf6bdf-4605-4bd4-8129-170d584bebd2,bev315od3150.csv
"Bevölkerung nach Religion, Herkunft und Statistischer Zone",bev316od3161.csv,2025-05-31 21:28:53.685393,b5880795-2219-4a83-b669-7109c4496313,bev316od3161.csv
Bevölkerung nach Stadtkreis,bev324od3242.csv,2025-05-31 21:29:27.178152,62dd67cd-be2f-465c-873a-13d953897cd4,bev324od3242.csv
Bevölkerung nach Stadtquartier,bev324od3240.csv,2025-05-31 21:29:30.690333,49719393-620c-49aa-8397-021a23c8de4b,bev324od3240.csv
"Bevölkerung nach Stadtquartier, Herkunft, Geschlecht und Alter",bev390od3903.csv,2025-05-31 21:29:37.084097,80d5c8af-b389-41d2-b6d8-d0deb1639f00,bev390od3903.csv
"Bevölkerung nach Zivilstand, Geschlecht, Alter und Stadtquartier",bev331od3310.csv,2025-05-31 21:30:15.528508,ad21c331-b508-404c-ba5e-770ae6060069,bev331od3310.csv
Bevölkerung nach statistischer Zone,bev324od3241.csv,2025-05-31 21:30:49.126895,bff49089-7bbf-489b-8d37-64aa7e468c5b,bev324od3241.csv
Bevölkerung und Anzahl Nationalitäten nach Stadtquartier,bev336od3363.csv,2025-05-31 21:30:52.669302,24c0fa4e-4e27-4bec-9e49-cf2e9ace0707,bev336od3363.csv
Bevölkerungdichte nach unterschiedlichen räumlichen Ausprägungen,bev580od5802.csv,2025-05-31 21:31:26.260148,d68792ec-4d31-4166-a4c5-c43ef288e92a,bev580od5802.csv
Bevölkerungsszenarien,bev344od3440.csv,2025-05-31 21:31:30.833301,439b2070-32fc-45c6-bc42-d045ab93a3b4,bev344od3440.csv
Bezügerinnen und Bezüger von Sozialhilfe,sd_sod_beziehende_sozialhilfe.csv,2025-05-31 21:31:34.330118,249ecfdd-e33e-408e-a721-ca9cd3e3d393,sd_sod_beziehende_sozialhilfe.csv
Bezügerinnen und Bezüger von erzieherischen finanziellen Hilfen (Nachführung eingestellt),sd_sod_beziehende_erz_finanzielle_hilfe.csv,2025-05-31 21:31:38.466762,8a3cb13d-7e75-471e-957a-5d581352de8a,sd_sod_beziehende_erz_finanzielle_hilfe.csv
Bodennutzung und Grundeigentum in der Stadt Zürich,bau612od6120.csv,2025-05-31 21:31:43.696563,e6a86e75-b56b-4032-8537-6bf949a5c814,bau612od6120.csv
"Bürgerrechtswechsel nach Stadtquartier, Alter, Geschlecht und Herkunft (alt, neu)",bev570od5707.csv,2025-05-31 21:31:47.157899,46e0c762-1e90-4f59-9ea5-d9a791255aa5,bev570od5707.csv
Dispositionen,ges105od1052.csv,2025-05-31 21:32:18.877383,7917f0d1-1cea-410e-b77c-195c7acec61c,ges105od1052.csv
Durch Umbau mit Leerkündigungen betroffene Wohnungen von privaten Eigentümerschaften und deren Bewohnerschaft,bau505od5051.csv,2025-05-31 21:32:23.189042,137dd7b9-fb97-4152-88d7-90908d61b3db,bau505od5051.csv
Durchschnittlicher Zusatzleistungsanspruch von ZL-Beziehenden in der Stadt Zürich,sd_alz_zl_durchschnitt.csv,2025-05-31 21:32:26.897080,a9d9d6ea-5e52-4854-ac85-a71e3cefaa85,sd_alz_zl_durchschnitt.csv
"Durchschnittliches Alter bei der Erstheirat, nach Geschlecht",bev330od3302.csv,2025-05-31 21:32:30.484820,f56f5410-c643-4783-a71a-630fcb71b795,bev330od3302.csv
"Durchschnittliches Alter bei der ersten Eintragung einer Partnerschaft, nach Geschlecht",bev332od3322.csv,2025-05-31 21:32:33.907202,642ac455-9d1b-4b4d-af23-7efcd586a4a7,bev332od3322.csv
Durchschnittsalter der Mütter bei der Geburt nach Herkunft,bev407od4070.csv,2025-05-31 21:32:37.367238,e5bfaad1-edff-4509-a992-73d6f8cdf0c6,bev407od4070.csv
Ehescheidungen nach Zahl minderjähriger Kinder,bev330od3304.csv,2025-05-31 21:32:40.865078,91855946-1cd9-4ce5-b815-67945a457fd5,bev330od3304.csv
Eheschliessung nach Herkunft und Geschlecht der Eheschliessenden,bev330od3301.csv,2025-05-31 21:32:45.333736,75af4868-2ad0-445f-b372-ced38288dda6,bev330od3301.csv
Eheschliessung nach Nationalität und Geschlecht der Eheschliessenden,bev330od3305.csv,2025-05-31 21:32:49.054070,47d93708-c8ce-46b9-9571-5fe1d9c6bb96,bev330od3305.csv
Eheschliessungen nach Zivilstand der Eheschliessenden,bev330od3306.csv,2025-05-31 21:33:22.797264,02af485a-ecad-47b2-934f-ffd91783a9d2,bev330od3306.csv
Eheschliessungen und Ehescheidungen,bev330od3300.csv,2025-05-31 21:33:56.296147,0301a52f-ea27-4f26-afac-847365b5532a,bev330od3300.csv
Einsatzstatistik von Schutz und Rettung Zürich,ges108od1080.csv,2025-05-31 21:33:59.963493,34a93a41-4ced-46c6-be52-53fcd5c42cf7,ges108od1080.csv
Eintragung und Auflösung von Partnerschaften nach Geschlecht,bev332od3320.csv,2025-05-31 21:34:03.462798,79a7ef2d-b442-45d2-bf28-095a02a0f971,bev332od3320.csv
Eintragung von Partnerschaften nach Geschlecht und Herkunft,bev332od3321.csv,2025-05-31 21:34:06.926489,e5dee1c5-8872-41fb-9bdc-6503f1af8cba,bev332od3321.csv
"Endenergieverbrauch Stadt Zürich, ohne Klimakorrektur, 1990 - 2016",ugz_endenergiebilanz.csv,2025-05-31 21:34:11.872749,0aa9bb57-f141-403e-9dab-706c113cd4de,ugz_endenergiebilanz.csv
Energieverbräuche Portfolio Immobilien Stadt Zürich,exp_immo_ogd_2021.csv,2025-05-31 21:34:16.433905,8f671d4b-4fd5-4fd1-977d-a182ab707778,exp_immo_ogd_2021.csv
"Erwerb des Schweizer Bürgerrechts nach Nationalität, Geschlecht und Altersgruppe",bev360od3600.csv,2025-05-31 21:34:20.176094,0d2101a7-0f22-444a-97fc-6a51a61a4c64,bev360od3600.csv
Erwerbsquote in Vollzeitäquivalenten nach Altersklasse und Geschlecht,wir501od5013.csv,2025-05-31 21:34:23.687153,42dd4de1-3a95-48ee-8657-a2edabf267ed,wir501od5013.csv
Erwerbsquote in Vollzeitäquivalenten nach Herkunft und Geschlecht,wir501od5014.csv,2025-05-31 21:34:27.336291,f6ebf6d7-3636-450a-b3c1-efc64d2e4003,wir501od5014.csv
Erwerbsquote nach Altersklasse und Geschlecht,wir501od5011.csv,2025-05-31 21:34:30.856858,fdcc13fb-74b7-4fb7-be15-6c05963e3b3b,wir501od5011.csv
Erwerbsquote nach Herkunft und Geschlecht,wir501od5012.csv,2025-05-31 21:34:34.354641,e398b3e8-f312-4c93-bccb-f0c299a608c4,wir501od5012.csv
Erwerbsstatus nach Altersklasse und Geschlecht,wir501od5017.csv,2025-05-31 21:34:39.036649,41c65678-440a-4340-84d4-b8553055ee38,wir501od5017.csv
Erwerbsstatus nach Herkunft und Geschlecht,wir501od5018.csv,2025-05-31 21:34:42.618771,e094d23c-2f10-4896-a58f-1c2f6efab36e,wir501od5018.csv
Erwerbstätige aus der Wohnbevölkerung nach Geschlecht und Wirtschaftsabschnitt,wir505od5051.csv,2025-05-31 21:34:46.813371,42a0d364-82a0-47c1-9ac6-78ed368a6b06,wir505od5051.csv
"Erwerbstätige aus der Wohnbevölkerung nach Geschlecht, Herkunft und Wirtschaftsabschnitt",wir505od5053.csv,2025-05-31 21:34:50.441556,ff3799c8-6f3a-498f-ba81-f59aaf719141,wir505od5053.csv
Erwerbstätige aus der Wohnbevölkerung nach Herkunft und Wirtschaftsabschnitt,wir505od5052.csv,2025-05-31 21:34:53.941689,67c18a6b-1375-48da-8498-6ad13b6db99d,wir505od5052.csv
Erwerbstätigenquote und Teilzeiterwerbstätigenquote nach Altersklasse und Geschlecht,wir501od5015.csv,2025-05-31 21:34:57.792054,92c62dcf-7b4b-4eec-80ad-d45861a0a5c6,wir501od5015.csv
"Erwerbstätigenquote und Teilzeiterwerbstätigenquote nach Herkunft und Geschlecht,",wir501od5016.csv,2025-05-31 21:35:02.864665,a0abec4d-b350-41ee-988b-5699345f4cfd,wir501od5016.csv
Fahrzeiten 2023 der VBZ im SOLL-IST-Vergleich (Nachführung eingestellt),fahrzeiten_soll_ist_20230101_20230107.csv,2025-05-31 21:35:52.031602,179efd77-255b-483a-bc02-4afec4a4e6d1,fahrzeiten_soll_ist_20230101_20230107.csv
Fertiggestellte Neubautprojekte nach Stadtquartier,bau501od5012.csv,2025-05-31 21:35:55.515780,5881d429-cc1a-4cfb-b789-04421df7d788,bau501od5012.csv
Fertiggestellte und abgebrochene Gebäude nach Eigentumsart und statistischer Zone,bau502od5025.csv,2025-05-31 21:35:59.110925,eb44673c-4311-4186-b3d0-6636dec7bafd,bau502od5025.csv
Fertiggestellte und abgebrochene Wohnungen nach Eigentumsart und statistischer Zone,bau502od5021.csv,2025-05-31 21:36:03.417951,c58cefc6-1ea8-43b3-aadd-d41c40b3a3bc,bau502od5021.csv
Fertilitätsrate nach Jahr,bev411od411a.csv,2025-05-31 21:36:06.941127,7904189e-e763-4299-b9c8-56b599ae8135,bev411od411a.csv
Fertilitätsrate nach Jahr und Alter der Mutter,bev411od411c.csv,2025-05-31 21:36:10.458882,ecebdf13-c368-40c6-a212-eceea7fe0574,bev411od411c.csv
Fertilitätsrate nach Jahr und Herkunft der Mutter,bev411od411b.csv,2025-05-31 21:36:16.358236,198f2675-3150-4032-8c0f-2a10549df025,bev411od411b.csv
"Fertilitätsrate nach Jahr, Alter und Herkunft der Mutter",bev411od411d.csv,2025-05-31 21:36:20.046114,e6e33254-bfa6-4588-8974-51f996d2cb7c,bev411od411d.csv
Feuerpolizei,ges106od1062.csv,2025-05-31 21:36:23.574689,726056bf-e830-45b1-83e8-4117ec35a845,ges106od1062.csv
Feuerwehreinsätze,ges102od1022.csv,2025-05-31 21:36:27.248225,2024bbd9-c63a-40f5-919b-e75f439dd443,ges102od1022.csv
Finanzielle Leistungen in der Kinder- und Jugendhilfe (Nachführung eingestellt),sd_sod_finanzielle_leistungen_kinder_und_jugendhilfe.csv,2025-05-31 21:36:34.149152,7e53ed76-c88d-4c98-9585-e59eaec50e41,sd_sod_finanzielle_leistungen_kinder_und_jugendhilfe.csv
Fläche nach Bodenbedeckungsart und unterschiedlichen räumlichen Ausprägungen,bev580od5803.csv,2025-05-31 21:37:08.786472,51cda876-1d7f-4664-bb9a-3b2b1a8cacf3,bev580od5803.csv
Gang dur Züri: Statistische Kennzahlen für Schulen,bev100od1005.csv,2025-05-31 21:37:12.567117,0ce5a7d4-eeec-4fd7-a9b0-168da15360ca,bev100od1005.csv
Geburten nach Geburtenreihenfolge und Herkunft des Kindes,bev410od4101.csv,2025-05-31 21:37:16.154479,8b63c9e5-c507-43e7-9d77-e2d2adf38753,bev410od4101.csv
Geburten nach Geschlecht und Nationalität,bev401od4010.csv,2025-05-31 21:37:21.210816,a55d9927-3f2b-42b7-9939-7ab22fca5e21,bev401od4010.csv
Geburten nach Geschlecht und Statistischer Zone,bev402od4020.csv,2025-05-31 21:37:54.832365,4f24a786-57ba-429c-aa62-f360bb4f47e2,bev402od4020.csv
Geburten nach Herkunft und Geschlecht,bev400od4001.csv,2025-05-31 21:38:29.725818,0d5c8e74-9cc2-4ddc-9964-cd547b408048,bev400od4001.csv
"Geburten nach Monat (effektives Geburtsdatum), Stadtquartier, Geschlecht und Herkunft",bev408od4081.csv,2025-05-31 21:38:33.320737,78c97394-c080-48c2-b9dc-ccad578048b8,bev408od4081.csv
"Geburten nach Monat, Stadtquartier, Geschlecht und Herkunft",bev403od4030.csv,2025-05-31 21:38:36.937012,6a800c35-2dc9-443d-a5fa-1d8927ea3f83,bev403od4030.csv
"Geburten nach Stadtquartier, Alter der Mutter, Geschlecht des Kindes, Herkunft von Mutter und Kind",bev570od5702.csv,2025-05-31 21:38:41.348831,aef0654e-1691-49a2-b5fd-2fb220b78bfd,bev570od5702.csv
"Geburten nach Tag, Stadtquartier, Geschlecht und Herkunft",bev403od4031.csv,2025-05-31 21:38:45.937020,e1070b95-1ac1-4b51-ba0b-8f941e0c942f,bev403od4031.csv
Geburten und Geburtenrate nach Statistischer Zone,bev402od4022.csv,2025-05-31 21:38:49.467737,c6acd23c-223b-4257-a0e4-61c956c2bb95,bev402od4022.csv
Geburtenrate,bev400od4002.csv,2025-05-31 21:39:23.021159,e3b94a9d-b11c-40a0-bded-6aa246c385fb,bev400od4002.csv
"Gebäudebestand nach Gebäudeart, Bauperiode und Stadtquartier",bau581od5813.csv,2025-05-31 21:39:28.393353,2fcaf083-b459-41cf-a99d-1afd055b1992,bau581od5813.csv
Gemeinderat Sitzverteilung nach Partei,pol700od700b.csv,2025-05-31 21:39:31.880937,728e18cf-2cb6-4601-8669-2f3403225662,pol700od700b.csv
Gemeinderatswahlen 2022: Alle Kandidierenden,gemeinderatswahlen_2022_kandidierende.csv,2025-05-31 21:39:35.517312,f43a8c89-02be-4741-ab6b-499f7dd419a5,gemeinderatswahlen_2022_kandidierende.csv
Gemeinderatswahlen Stimmenanteil nach Partei und Wahlkreis,pol700od7000.csv,2025-05-31 21:39:40.279942,44bd1560-ff99-4e54-bb08-b7def9406dc4,pol700od7000.csv
Gemeinderatswahlen Wahlbeteiligung,pol700od7002.csv,2025-05-31 21:39:43.798973,4d8eafe6-d404-41eb-8f06-e325a64a2780,pol700od7002.csv
"Geschossflächen nach Nutzungsart, Stadtquartier und Bauperiode",bau523od5231.csv,2025-05-31 21:39:47.437392,03c28f8b-65d3-45e8-84ba-38b046fe72d3,bau523od5231.csv
Grundstückspreise (Median) der im Freihandkauf umgesetzten Grundstücke nach Bebauungsart (Bauzone),bau514od5146.csv,2025-05-31 21:39:51.152438,58d5cf3d-470b-445b-928a-1eae09b6ca31,bau514od5146.csv
Grundstückspreise (Median) der im Freihandkauf umgesetzten bebauten Grundstücke nach Stadtquartier und Zonenart (nur BZO16),bau514od5147.csv,2025-05-31 21:39:54.836517,f387d428-f294-4e32-9159-bf313ffe1248,bau514od5147.csv
Grundstückspreise (Median) der im Freihandkauf umgesetzten bebauten Grundstücke nach Stadtquartier und Zonenart (nur BZO99),bau514od5148.csv,2025-05-31 21:39:58.494738,604ed5f6-2307-44e5-a286-72204af5e837,bau514od5148.csv
Gruppenhäuser der Stadt Zürich,hbd_immo_gruppenhaeser_standorte.csv,2025-05-31 21:40:02.057856,fa0d9c11-e4b1-4538-a255-d1b62f99bb6f,hbd_immo_gruppenhaeser_standorte.csv
Hauptsprachen nach Stadtquartier,bev304od3041.csv,2025-05-31 21:40:06.746881,96b259a9-d97c-477b-b0f2-f453e2eb6bfe,bev304od3041.csv
"Haushalte in Neubauwohnungen nach Bauperiode, Zimmerzahl, Eigentumsart, Haushalttyp und Quartier",bau699od6991.csv,2025-05-31 21:40:11.244203,f0021c76-afa4-412a-bba6-0beb636c02da,bau699od6991.csv
Haushaltsäquivalenz-Einkommen steuerpflichtiger natürlicher Personen nach Haushaltstyp und Stadtkreis,wir100od100b.csv,2025-05-31 21:40:14.751924,e7be7a09-2d6a-46f7-910c-74ef2795f639,wir100od100b.csv
Haushaltsäquivalenz-Einkommen steuerpflichtiger natürlicher Personen nach Haushaltstyp und Stadtquartier,wir100od100a.csv,2025-05-31 21:40:19.479663,57558600-e286-42db-abb9-ca83b46fae92,wir100od100a.csv
Heizgradtage für verschiedene Standorte in der Stadt Zürich,umw103od1031.csv,2025-05-31 21:40:23.052350,8b0bd7b7-932f-4252-a969-5dd7064a6338,umw103od1031.csv
Hilfsfristen der Rettungsdienste,ges103od1036.csv,2025-05-31 21:40:26.546887,1a7cb8e4-d48a-4437-8ee4-b1003264fc1f,ges103od1036.csv
Hotelbetriebe in der Flughafenregion,wir110od1103.csv,2025-05-31 21:40:30.008308,1993561a-563e-41d2-b1e6-6cd67e0ae256,wir110od1103.csv
Hotelbetriebe in der Stadt Zürich nach Betriebsklasse,wir110od1101.csv,2025-05-31 21:40:34.663276,7cc21433-e6d6-4cc8-a3e4-d9657909cd0f,wir110od1101.csv
Hotelgäste in der Flughafenregion,wir110od1105.csv,2025-05-31 21:40:38.438716,768662a5-3ba8-48b6-9b75-c36e0717fdbe,wir110od1105.csv
Hotelgäste in der Stadt Zürich,wir110od1104.csv,2025-05-31 21:40:41.884291,68bbb1e2-d781-4857-a8e3-9d1764bc4097,wir110od1104.csv
"Hundebestände der Stadt Zürich, seit 2014",kul100od1001.csv,2025-05-31 21:40:48.013226,fe117e1a-573a-47fe-b304-65cedbbb0e95,kul100od1001.csv
"Hundenamen aus dem Hundebeständen der Stadt Zürich, seit 2014",kul100od1002.csv,2025-05-31 21:40:52.465048,d3c778c4-3da8-4bd7-996c-1f5126cfaedc,kul100od1002.csv
Häufigste Hauptsprachen,bev301od3011.csv,2025-05-31 21:40:56.436682,14f0e561-78a5-4f47-8ccf-9ae93d37e990,bev301od3011.csv
Höchste abgeschlossene Ausbildung der Erwerbstätigen nach Geschlecht,wir504od5043.csv,2025-05-31 21:40:59.936347,b949378f-e23b-44e2-947a-3b0ca1466d8b,wir504od5043.csv
Höchste abgeschlossene Ausbildung der Erwerbstätigen nach Herkunft,wir504od5044.csv,2025-05-31 21:41:03.461869,8c269ea4-f235-4df3-936f-aedebf1d17a3,wir504od5044.csv
Interdisziplinäre Fachberatung Kindesschutz,ssd_sod_fachberatung_kinderschutz.csv,2025-05-31 21:41:07.078734,84eb5a9e-afba-46e9-92fb-0a876e84bcbf,ssd_sod_fachberatung_kinderschutz.csv
"Kapazität, Bestand, Reserve und Inanspruchnahme nach Stadtquartier, Eigentumsart, Arealüberbauung, Wohnanteil",bev570od5709.csv,2025-05-31 21:41:10.671286,ea10ea26-1c77-410b-b135-78c898ba0ec0,bev570od5709.csv
"Kennzahlen zu Kitas (Kindertagesstätten) der Stadt Zürich nach Schulkreis, seit 2006",sd_zv_kitas_schulkreis.csv,2025-05-31 21:41:14.257081,7b03aecd-1cb3-567f-9bb9-9d826408b07a,sd_zv_kitas_schulkreis.csv
"Kennzahlen zu Kitas (Kindertagesstätten) der Stadt Zürich nach Stadtquartier, seit 2014",sd_ds_kitas_stadtquartier.csv,2025-05-31 21:41:17.891760,fead2742-a7e3-5152-abe4-ca79f16ff6a1,sd_ds_kitas_stadtquartier.csv
"Kennzahlen zu Kitas (Kindertagesstätten) der Stadt Zürich, seit 2006",kennzahlen_kitas_seit2006.csv,2025-05-31 21:41:21.440478,f385a49c-de46-5162-b33d-cb7161412e91,kennzahlen_kitas_seit2006.csv
Kunstsammlung der Stadt Zürich,hbd_immo_kunstsammlung_stadt_zuerich.csv,2025-05-31 21:41:25.719686,a129d0ba-37c2-425e-b5d3-a1453ed52768,hbd_immo_kunstsammlung_stadt_zuerich.csv
Leerflächen nach Stadtquartier und Nutzungsart,bau543od5436.csv,2025-05-31 21:41:29.198517,4cac28d4-64a6-4e09-b686-fd61e28b5156,bau543od5436.csv
"Leerstehende Wohnungen nach Stadtquartier, Zimmerzahl, Gebäudeart, Bewohnungsart und Gebäudealter",bau542od5427.csv,2025-05-31 21:41:33.780951,48ca73e1-6b67-4485-a2cc-35f8833b2735,bau542od5427.csv
"Liegenschaften-Markt Stadt Zürich: Preisreihen (Medianpreise) und Anzahl Handänderungen in Freihandverkäufen nach Bebauungsart, für ganze Stadt, Stadtkreise und Stadtquartiere",bau514od5144.csv,2025-05-31 21:41:38.557172,cf7e6426-7765-45a4-a670-7601433f27d5,bau514od5144.csv
"Liegenschaften-Markt Stadt Zürich: Preisreihen (Medianpreise) und Anzahl Handänderungen in Freihandverkäufen nach Zonenart, für ganze Stadt, Stadtkreise und Stadtquartiere",bau514od5141.csv,2025-05-31 21:41:42.152128,84d0ebb2-27c3-4df9-90bf-343f9358677d,bau514od5141.csv
Liegenschaften-Markt Stadt Zürich: Umgruppierte Inhalte von BAU514OD5141.csv als Basis für die LIMA-Applikation auf der Website von Statistik Stadt Zürich (Medianpreise und Handänderungszahl nach Zonenart und Stadtquartier),bau514od5142.csv,2025-05-31 21:41:45.723354,7bfce452-48a3-4121-9272-ba62def6db0e,bau514od5142.csv
Liegenschaften-Markt Stadt Zürich: Umgruppierte Inhalte von BAU514OD5144.csv als Basis für die LIMA-Applikation auf der Website von Statistik Stadt Zürich (Medianpreise und Handänderungszahl nach Zonenart und Stadtquartier),bau514od5145.csv,2025-05-31 21:41:49.549162,d19d6b69-e0e6-41fc-8653-791a9fc72a8f,bau514od5145.csv
"Median-Einkommen steuerpflichtiger natürlicher Personen nach Jahr, Steuertarif und Stadtkreis.",wir100od1007.csv,2025-05-31 21:41:53.108325,3874200a-f76b-4588-bda6-74410946b682,wir100od1007.csv
"Median-Einkommen steuerpflichtiger natürlicher Personen nach Jahr, Steuertarif und Stadtquartier.",wir100od1003.csv,2025-05-31 21:41:56.614270,044c366f-7554-44e6-9d06-d1f7b5497b99,wir100od1003.csv
"Median-Vermögen steuerpflichtiger natürlicher Personen nach Jahr, Steuertarif und Stadtkreis.",wir100od1008.csv,2025-05-31 21:42:00.599100,220cc816-f225-4769-b213-c2b1fd23f3b5,wir100od1008.csv
"Median-Vermögen steuerpflichtiger natürlicher Personen nach Jahr, Steuertarif und Stadtquartier.",wir100od1004.csv,2025-05-31 21:42:04.123047,0e54038d-bc55-437e-8b1f-b252ae2ba33d,wir100od1004.csv
Medianalter nach Stadtkreis und Stadtquartier,bev471od4712.csv,2025-05-31 21:42:07.668310,b0f4ec3f-30b5-42db-937d-3564f3ce61bc,bev471od4712.csv
Mietpreise in der Stadt Zürich (MPE Abfragetool),bau516od5161.csv,2025-05-31 21:42:16.509853,cbb0b2d2-b148-4696-9169-858a88fd9c85,bau516od5161.csv
Migrationsstatus der Wohnbevölkerung,bev530od5307.csv,2025-05-31 21:42:20.135934,8eeaf855-59b0-44bb-9c89-1221cc5411a3,bev530od5307.csv
Mittlere Wohnbevölkerung,bev322od3224.csv,2025-05-31 21:42:23.693069,573fdd26-1199-42fe-bd2e-3a18137f8f8f,bev322od3224.csv
Motorisierungsgrad nach Stadtquartier,ver200od2005.csv,2025-05-31 21:42:27.216677,9072e8c1-6aac-4312-951b-7bab060d2578,ver200od2005.csv
Mutter- und Hauptsprachen,bev303od3032.csv,2025-05-31 21:42:31.445888,868dceaa-a34f-41d1-a897-0ce6c27619e0,bev303od3032.csv
Nachnamen der aktuellen Wohnbevölkerung der Stadt Zürich,bev371od3710.csv,2025-05-31 21:42:35.489075,ed6c017b-3c09-49f9-9a4f-71afa595983c,bev371od3710.csv
"Neubaugebäude am Jahresende nach Bauprojektstatus, Eigentumsart und Statistischer Zone",bau502od5024.csv,2025-05-31 21:42:40.342285,8aff8428-d539-4740-bede-34eb0c7b6d97,bau502od5024.csv
Neubautätigkeit nach Bauprojektstatus und Stadtquartier,bau501od5011.csv,2025-05-31 21:42:43.888865,b9b6af14-2312-4166-8a02-b6d47dc6a1ff,bau501od5011.csv
"Neubauwohnungen am Jahresende nach Bauprojektstatus, Eigentumsart und Statistischer Zone",bau502od5023.csv,2025-05-31 21:42:47.836064,b6566fda-17a0-42eb-8932-15f6480ad879,bau502od5023.csv
"Neubauwohnungen am Jahresende nach Bauprojektstatus, Zimmerzahl und Stadtquartier",bau502od5022.csv,2025-05-31 21:42:51.451579,dd29f711-5bb5-400e-a522-e0c2f2010354,bau502od5022.csv
Neue Wohnortsgebiete von durch Leerkündigung betroffener Personen,bau505od5052.csv,2025-05-31 21:42:56.212882,151dcc06-1cee-487b-9872-857063721a08,bau505od5052.csv
"Neuerstellte Wohnungen nach Art Ersatzbau, Statistischer Zone und Eigentumsart",bau532od5324.csv,2025-05-31 21:43:00.661397,f27d0c4b-ffeb-4ae3-afe5-797ec9101647,bau532od5324.csv
"Neuzulassungen der Personenwagen nach Treibstoffart, Rechtsform und Stadtquartier",ver200od2004.csv,2025-05-31 21:43:05.058897,c5f9bb50-d8cc-4a07-af21-a263aa250814,ver200od2004.csv
"Personen nach Altersgruppe, Nationalität, Eigentumsart des Gebäudes und Stadtquartier",bau698od6983.csv,2025-05-31 21:43:10.153027,0b5fdc43-a738-420f-8d3c-72c1a49cfd2f,bau698od6983.csv
Personenwagen pro Haushalt nach Stadtquartier,ver204od2041.csv,2025-05-31 21:43:13.742588,610f8acd-522c-4f9d-bb69-512db7563d04,ver204od2041.csv
Persönliche Hilfe gemäss Sozialhilfe-Gesetz,sd_sod_persoenliche_hilfe.csv,2025-05-31 21:43:17.216787,64d2d3ac-0dff-43f2-8b58-b00e4beec3be,sd_sod_persoenliche_hilfe.csv
"Primärenergiebilanz Stadt Zürich, ohne Klimakorrektur, 1990 - 2016",ugz_primaerenergiebilanz.csv,2025-05-31 21:43:24.251577,f9df64f7-5d57-4080-876e-890d3df826f3,ugz_primaerenergiebilanz.csv
Privathaushalte nach Haushaltsform und Anzahl Kinder,bev380od3809.csv,2025-05-31 21:43:28.977602,c621c356-8ed8-46d8-9e9a-cbc634b277d6,bev380od3809.csv
Privathaushalte nach Haushaltsform und Stadtquartier,bev380od3805.csv,2025-05-31 21:43:32.763715,c5488f1b-9a2d-490a-a3a3-739cb64a475d,bev380od3805.csv
Privathaushalte nach Haushaltsgrösse und Stadtquartier,bev380od3806.csv,2025-05-31 21:43:37.091153,604c15d5-085f-4891-9b2b-f304cebaf31d,bev380od3806.csv
Rauminhalt von fertiggestellten Gebäuden,bau506od5063.csv,2025-05-31 21:43:40.775791,4a3976a1-9a56-401f-bb80-6aa68c01eda3,bau506od5063.csv
Relative Parteistärke bei den Kantonsratswahlen in der Stadt Zürich,pol702od7025.csv,2025-05-31 21:43:44.205763,cfc28a37-f94e-47b8-a3d7-61ba1e645232,pol702od7025.csv
Relative Parteistärke bei den Nationalratswahlen in der Stadt Zürich,pol703od7035.csv,2025-05-31 21:43:47.615608,abc34bc3-267f-4c85-bbc5-7bb466e8fc63,pol703od7035.csv
Sanitätseinsätze,ges103od1032.csv,2025-05-31 21:43:51.073131,0a1b0c91-7b1f-449c-99b8-b61ae190f3c2,ges103od1032.csv
Schulsozialarbeit,sd_sod_schulsozialarbeit.csv,2025-05-31 21:43:55.969864,7be271cb-3df9-4279-925c-60de42be346d,sd_sod_schulsozialarbeit.csv
Sozialhilfebeziehende der Stadt Zürich nach Alter,sd_sod_sozialhilfe_alter.csv,2025-05-31 21:43:59.407425,18894648-fb8c-4024-8d88-2943a8045161,sd_sod_sozialhilfe_alter.csv
Sozialhilfebeziehende der Stadt Zürich nach Geschlecht,sd_sod_sozialhilfebeziehende_geschlecht.csv,2025-05-31 21:44:03.076500,edee64db-0927-4de8-8843-2c8bb4dd4524,sd_sod_sozialhilfebeziehende_geschlecht.csv
Sozialhilfebeziehende der Stadt Zürich nach Stadtquartier,sd_sod_sozialhilfequote_stadtquartier.csv,2025-05-31 21:44:06.587074,63758532-8f10-4094-b947-8ce1c86925ca,sd_sod_sozialhilfequote_stadtquartier.csv
Sozialhilfequoten der Stadt Zürich,sd_sod_sozialhilfequote.csv,2025-05-31 21:44:10.265665,c6bc19ac-b81d-48a4-b2d7-9042e3366c5d,sd_sod_sozialhilfequote.csv
Stadtklima Zürich - Standorte Messstationen Messnetz meteoblue,ugz_stadtklima_zuerich_messorte_messnetz_meteoblue.csv,2025-05-31 21:44:15.142574,4ec9dd58-128c-4faa-affa-621ded72205a,ugz_stadtklima_zuerich_messorte_messnetz_meteoblue.csv
"Stadtrat Mitglieder nach Amtsdauer, Partei und Geschlecht",pol700od700a.csv,2025-05-31 21:44:21.795819,5f82719b-b211-49cc-9fb0-6b905c4e0071,pol700od700a.csv
Sterbealter nach Herkunft und Geschlecht,bev420od4202.csv,2025-05-31 21:44:55.375232,1b888c2e-76e7-4172-87cf-b7cce9dabbd9,bev420od4202.csv
"Sterberaten nach Alter, Geschlecht und Herkunft",bev570od5708.csv,2025-05-31 21:44:59.413266,46509520-271b-4a41-900a-d304263f7fcf,bev570od5708.csv
Stimmbeteiligung in Prozent vor Urnengängen,stimmbeteiligung.csv,2025-05-31 21:45:02.920665,9088db61-ee60-4cb4-8797-fce805bca353,stimmbeteiligung.csv
"Todesfälle nach Bestattungsart, Geschlecht, 10-Jahres-Altersklasse und Herkunft",bev420od4204.csv,2025-05-31 21:45:43.916566,6f3bf535-265c-4dcd-a5f5-c397d77adf49,bev420od4204.csv
Todesfälle nach Herkunft und Geschlecht,bev420od4201.csv,2025-05-31 21:46:17.635449,3c2f6d74-c62f-4d10-aa38-242f7694736c,bev420od4201.csv
"Todesfälle nach Monat, Stadtquartier, Geschlecht, Altersgruppe und Herkunft",bev421od4210.csv,2025-05-31 21:46:21.808382,bfd3d06b-81de-41f0-a040-b151bb2af9bd,bev421od4210.csv
Todesfälle nach Stadtquartier,bev422od4220.csv,2025-05-31 21:46:55.216278,2b080833-3475-4381-b4c9-4fb7feec304d,bev422od4220.csv
"Todesfälle nach Stadtquartier, Alter, Geschlecht und Herkunft",bev570od5703.csv,2025-05-31 21:46:58.853757,6fbefb86-0d36-48fb-a90c-e519b83d932b,bev570od5703.csv
"Todesfälle nach Tag, Stadtquartier, Geschlecht, Altersgruppe und Herkunft",bev421od4211.csv,2025-05-31 21:47:02.796920,1170675f-fde1-4af3-9a14-e22b5c69d9a0,bev421od4211.csv
"Todesfälle nach Todesursache, Altersklasse und Geschlecht",bev311od3110.csv,2025-05-31 21:47:06.645016,63e67378-8cc4-467f-aa04-041dfaf68742,bev311od3110.csv
"Todesfälle nach Todesörtlichkeit, Geschlecht, 10-Jahres-Altersklasse und Herkunft",bev420od4203.csv,2025-05-31 21:47:40.553055,687bf601-dfe7-40a2-87fa-a9ccce4cd510,bev420od4203.csv
Todesfälle nach aggregierter Todesursache,bev310od3100.csv,2025-05-31 21:47:44.136015,f24b5f6e-cff6-4589-a74f-ce1db2f2dc8d,bev310od3100.csv
"Todesfälle nach aggregierter Todesursache, Altersklasse und Geschlecht",bev312od3120.csv,2025-05-31 21:47:47.958081,b706ed1f-ec5c-4969-8951-afbc59ad4e44,bev312od3120.csv
"Treibhausgasemissionen Stadt Zürich, ohne Klimakorrektur, 1990 - 2016",ugz_treibhausgasbilanz.csv,2025-05-31 21:47:51.903416,094e05eb-dc52-4a0c-93b4-c72158f5c346,ugz_treibhausgasbilanz.csv
Umgesetzte Grundstücke und Fläche nach Handänderungstyp und Bebauungsart,bau511od5111.csv,2025-05-31 21:48:07.341075,b89b07f4-6da6-411b-afd3-d3229b1c9c76,bau511od5111.csv
Umzüge innerhalb der Stadt nach Herkunft,bev355od3557.csv,2025-05-31 21:48:13.378848,19e74beb-0eb1-4dd4-8a32-bd4bec206623,bev355od3557.csv
Umzüge innerhalb der Stadt nach Stadtkreis und Stadtquartier,bev355od3555.csv,2025-05-31 21:48:17.450610,f73922cc-f74c-4d55-a015-83dcfb0b6821,bev355od3555.csv
"Umzüge innerhalb der Stadt nach Stadtkreis, Stadtquartier, Geschlecht, Altersgruppe und Zivilstand",bev355od3556.csv,2025-05-31 21:48:22.500826,fb32178f-2dc6-4bcc-915e-c821df2472b7,bev355od3556.csv
"Umzüge innerhalb der Stadt nach Stadtquartier (alt, neu), Alter, Geschlecht und Herkunft",bev570od5706.csv,2025-05-31 21:48:31.209332,ce590afb-53ef-49d0-891b-3bed8f4b8269,bev570od5706.csv
"Verkaufspreise (Median) pro Wohnung und pro Quadratmeter Wohnungsfläche im Stockwerkeigentum, nach Baualtersklasse",bau515od5158.csv,2025-05-31 21:48:34.821379,3d9e6c27-960f-4f36-9c92-fb037e5c3816,bau515od5158.csv
"Verkaufspreise (Median) pro Wohnung und pro Quadratmeter Wohnungsfläche im Stockwerkeigentum, nach Quartier",bau515od5157.csv,2025-05-31 21:48:38.673575,f29604ca-8a19-4d39-a979-77cc13a88e05,bau515od5157.csv
"Verkaufspreise (Median) pro Wohnung und pro Quadratmeter Wohnungsfläche im Stockwerkeigentum, nach Zimmerzahl und Baualtersklasse",bau515od5156.csv,2025-05-31 21:48:42.489801,02787662-d161-4561-a2fd-49af99229939,bau515od5156.csv
"Verkaufspreise (Median) pro Wohnung und pro Quadratmeter Wohnungsfläche im Stockwerkeigentum, nach Zimmerzahl und Quartier",bau515od5155.csv,2025-05-31 21:48:46.279535,74451b9d-dd1e-491d-9824-c85846a0a42f,bau515od5155.csv
"Viertelstundenwerte des Stromverbrauchs in Mittelbünden, seit 2018",ewz_stromabgabe_netzebenen_mittelbuenden.csv,2025-05-31 21:48:55.325950,043251a3-52f0-44c7-906a-401340230c60,ewz_stromabgabe_netzebenen_mittelbuenden.csv
"Viertelstundenwerte des Stromverbrauchs in den Netzebenen 5 und 7 in der Stadt Zürich, seit 2015",ewz_stromabgabe_netzebenen_stadt_zuerich.csv,2025-05-31 21:49:00.400982,ebfd54ba-4fd3-4b62-ab9e-11ddb667bdb6,ewz_stromabgabe_netzebenen_stadt_zuerich.csv
Vornamen der aktuellen Wohnbevölkerung der Stadt Zürich,bev370od3701.csv,2025-05-31 21:49:08.528977,c5993cda-3c83-4533-9144-4413bff9e02c,bev370od3701.csv
Vornamen neugeborener Mädchen und Knaben mit Wohnsitz in der Stadt Zürich,bev370od3700.csv,2025-05-31 21:49:13.064581,b49b08de-5ab9-41b2-a1b2-d14cb4b102d1,bev370od3700.csv
Wahlbeteiligung bei den Kantonsratswahlen in der Stadt Zürich,pol702od7024.csv,2025-05-31 21:49:16.824133,8498791a-abd3-4a0b-9b3c-cf4e35f00933,pol702od7024.csv
Wahlbeteiligung bei den Nationalratswahlen in der Stadt Zürich,pol703od7034.csv,2025-05-31 21:49:20.518951,640536f7-fbf5-4087-b447-df4e574ed6de,pol703od7034.csv
Wegzüge nach auswärts nach Herkunft und Geschlecht,bev352od3520.csv,2025-05-31 21:49:29.535361,2a250886-4fb2-4344-83e6-883d22fda9f3,bev352od3520.csv
"Wegzüge nach auswärts nach Monat, Stadtquartier, Geschlecht, Altersgruppe und Herkunft",bev354od3540.csv,2025-05-31 21:49:34.078974,d6afe80e-1272-473b-a231-050d4668d350,bev354od3540.csv
"Wegzüge nach auswärts nach Stadtquartier, Alter, Geschlecht und Herkunft",bev570od5705.csv,2025-05-31 21:49:38.356997,4560a966-5d8d-4f3a-a8a5-88d6d3be8a0b,bev570od5705.csv
"Wegzüge nach auswärts nach Tag, Stadtquartier, Geschlecht, Altersgruppe und Herkunft",bev354od3541.csv,2025-05-31 21:49:46.494665,93002468-4703-4300-b49b-32e9f53d3f15,bev354od3541.csv
Wegzüge nach auswärts nach Wegzugsort und Stadtquartier,bev352od3521.csv,2025-05-31 21:49:51.950671,ba23da5c-fa04-4fee-a39d-2fcd853fbd06,bev352od3521.csv
"Wegzüge nach auswärts nach Wegzugsort, Stadtquartier, Geschlecht, Altersgruppe und Zivilstand",bev352od3522.csv,2025-05-31 21:50:01.366824,51c3042d-0719-42fe-8481-83dd25bf54db,bev352od3522.csv
Wochenaufenthalter*innen,bev358od3582.csv,2025-05-31 21:50:06.343865,06e328c9-f2dc-40e4-bcea-91d8d0457a27,bev358od3582.csv
Wohnbevölkerung der Stadt Zürich nach Alter und Postleitzahl,bev527od5270.csv,2025-05-31 21:50:09.812434,d5ffec97-a594-42d2-9fa6-0f3489f3f750,bev527od5270.csv
Wohnbevölkerung nach Erwerbstätigkeit und Stadtkreis,wir505od5054.csv,2025-05-31 21:50:13.273062,e34046e9-4e05-4502-99bd-1984cfbea781,wir505od5054.csv
Wohnflächenverbrauch und Wohndichte nach Stadtquartier,bau698od6982.csv,2025-05-31 21:50:17.154217,757c0970-d91d-4e42-9001-491a767318ab,bau698od6982.csv
"Wohnungsbestand nach Art des Energieträgers, Bauperiode und Statistischer Zone",bau533od5331.csv,2025-05-31 21:50:22.410123,61078b36-b895-4d00-bac6-10549bb7d655,bau533od5331.csv
"Wohnungsbestand nach Eigentumsart, Zimmerzahl und Stadtquartier",bau522od5221.csv,2025-05-31 21:50:26.147843,6e37c17e-9c2d-4b32-9a3c-4acffa962597,bau522od5221.csv
"Wohnungsbestand nach Zimmerzahl, Miete/Eigentum, Bauperiode, Eigentumsart und Stadtquartier",bau583od5831.csv,2025-05-31 21:50:30.882100,b74c6997-70a9-4eed-8b3c-fd3f8ed4e6de,bau583od5831.csv
"Wohnungsbestand, Wohnungsfläche und Personenzahl nach Statistischer Zone",bau698od6981.csv,2025-05-31 21:50:34.570033,bb238b44-c3db-4de1-9604-63bed2eb7c2c,bau698od6981.csv
Wohnungssaldo nach Umbau,bau510od5101.csv,2025-05-31 21:50:38.050938,5b749466-d6b8-43e3-b99f-dfa082c69787,bau510od5101.csv
Wohnungssaldo nach Umbau und Umbaukategorie,bau510od5102.csv,2025-05-31 21:50:41.467693,815dd151-446d-47da-9153-73b9c845a466,bau510od5102.csv
Zivilschutz,ges107od1072.csv,2025-05-31 21:51:14.889913,78288845-6b07-4cd9-9f67-6d69c7ed2a16,ges107od1072.csv
Zusammengefasste Geburtenziffer nach Jahr,bev411od411e.csv,2025-05-31 21:51:19.934837,3807e31d-8fe2-4930-88bb-7e86276bdef3,bev411od411e.csv
Zusammengefasste Geburtenziffer nach Jahr und Herkunft der Mutter,bev411od411f.csv,2025-05-31 21:51:23.850121,ce3e1a90-1990-4be4-841e-7ec26bc16e86,bev411od411f.csv
